Workbook

Sheet Malayan Banking Stock Price His
A1: Date | B1: Price | C1: Vol. (M) | D1: Vol. | E1: Change % | F1: Calculation
A2: 45139 | B2: 8.86 | C2: 40.61 | D2: =C2*1000000 -> 40610000 | E2: 0.0103
A3: 01/15/2023 | B3: 8.8 | C3: 53.28 | D3: =C3*1000000 -> 53280000 | E3: -0.0068 | F3: =B3/B2-1 -> -0.006772009 | H3: AVG | I3: =AVERAGE(B2:B150) -> 9.5844966
A4: 01/22/2023 | B4: 8.74 | C4: 18.44 | D4: =C4*1000000 -> 18440000 | E4: -0.0068 | H4: SD | I4: =_xlfn.STDEV.S(B2:B150) -> 0.64605606
A5: 01/29/2023 | B5: 8.71 | C5: 47.88 | D5: =C5*1000000 -> 47880000 | E5: -0.0034 | H5: Max | I5: =MAX(B2:B150) -> 10.8
A6: 45048 | B6: 8.75 | C6: 37.66 | D6: =C6*1000000 -> 37660000 | E6: 0.0046 | H6: Min | I6: =MIN(B2:B150) -> 8.38
A7: 45262 | B7: 8.75 | C7: 43.34 | D7: =C7*1000000 -> 43340000 | E7: 0
A8: 02/19/2023 | B8: 8.74 | C8: 22.05 | D8: =C8*1000000 -> 22050000 | E8: -0.0011
A9: 02/26/2023 | B9: 8.71 | C9: 49.55 | D9: =C9*1000000 -> 49550000 | E9: -0.0034
A10: 45049 | B10: 8.7 | C10: 48.68 | D10: =C10*1000000 -> 48680000 | E10: -0.0011
A11: 45263 | B11: 8.38 | C11: 57.35 | D11: =C11*1000000 -> 57350000 | E11: -0.0368
A12: 03/19/2023 | B12: 8.43 | C12: 22.18 | D12: =C12*1000000 -> 22180000 | E12: 0.006
A13: 03/26/2023 | B13: 8.57 | C13: 25.09 | D13: =C13*1000000 -> 25090000 | E13: 0.0166
A14: 44961 | B14: 8.66 | C14: 19.39 | D14: =C14*1000000 -> 19390000 | E14: 0.0105
A15: 45173 | B15: 8.71 | C15: 32.02 | D15: =C15*1000000 -> 32020000 | E15: 0.0058
A16: 04/16/2023 | B16: 8.7 | C16: 19.05 | D16: =C16*1000000 -> 19050000 | E16: -0.0011
A17: 04/23/2023 | B17: 8.66 | C17: 27.47 | D17: =C17*1000000 -> 27470000 | E17: -0.0046
A18: 04/30/2023 | B18: 8.75 | C18: 18.05 | D18: =C18*1000000 -> 18050000 | E18: 0.0104
A19: 45112 | B19: 8.69 | C19: 27.97 | D19: =C19*1000000 -> 27970000 | E19: -0.0069
A20: 05/14/2023 | B20: 8.78 | C20: 19.66 | D20: =C20*1000000 -> 19660000 | E20: 0.0104
A21: 05/21/2023 | B21: 8.58 | C21: 42.49 | D21: =C21*1000000 -> 42490000 | E21: -0.0228
A22: 05/28/2023 | B22: 8.58 | C22: 90.71 | D22: =C22*1000000 -> 90710000 | E22: 0
A23: 45022 | B23: 8.62 | C23: 21.69 | D23: =C23*1000000 -> 21690000 | E23: 0.0047
A24: 45236 | B24: 8.57 | C24: 39.75 | D24: =C24*1000000 -> 39750000 | E24: -0.0058
A25: 06/18/2023 | B25: 8.74 | C25: 28.97 | D25: =C25*1000000 -> 28970000 | E25: 0.0198
A26: 06/25/2023 | B26: 8.63 | C26: 28.3 | D26: =C26*1000000 -> 28300000 | E26: -0.0126
A27: 44964 | B27: 8.67 | C27: 25.2 | D27: =C27*1000000 -> 25200000 | E27: 0.0046
A28: 45176 | B28: 8.8 | C28: 36.57 | D28: =C28*1000000 -> 36570000 | E28: 0.015
A29: 07/16/2023 | B29: 8.78 | C29: 30.45 | D29: =C29*1000000 -> 30450000 | E29: -0.0023
A30: 07/23/2023 | B30: 8.99 | C30: 53.4 | D30: =C30*1000000 -> 53400000 | E30: 0.0239
A31: 07/30/2023 | B31: 8.91 | C31: 43.64 | D31: =C31*1000000 -> 43640000 | E31: -0.0089
A32: 45085 | B32: 9.02 | C32: 56.96 | D32: =C32*1000000 -> 56960000 | E32: 0.0123
A33: 08/13/2023 | B33: 9 | C33: 45.79 | D33: =C33*1000000 -> 45790000 | E33: -0.0022
A34: 08/20/2023 | B34: 9.02 | C34: 43.68 | D34: =C34*1000000 -> 43680000 | E34: 0.0022
A35: 08/27/2023 | B35: 9.15 | C35: 45.38 | D35: =C35*1000000 -> 45380000 | E35: 0.0144
A36: 44994 | B36: 9.14 | C36: 36.63 | D36: =C36*1000000 -> 36630000 | E36: -0.0011
A37: 45208 | B37: 8.91 | C37: 59.45 | D37: =C37*1000000 -> 59450000 | E37: -0.0252
A38: 09/17/2023 | B38: 8.88 | C38: 33.34 | D38: =C38*1000000 -> 33340000 | E38: -0.0034
A39: 09/24/2023 | B39: 8.79 | C39: 37.51 | D39: =C39*1000000 -> 37510000 | E39: -0.0101
A40: 44936 | B40: 8.77 | C40: 76.25 | D40: =C40*1000000 -> 76250000 | E40: -0.0023
A41: 45148 | B41: 8.98 | C41: 33.74 | D41: =C41*1000000 -> 33740000 | E41: 0.0239
A42: 10/15/2023 | B42: 8.99 | C42: 43.37 | D42: =C42*1000000 -> 43370000 | E42: 0.0011
A43: 10/22/2023 | B43: 9 | C43: 37.98 | D43: =C43*1000000 -> 37980000 | E43: 0.0011
A44: 10/29/2023 | B44: 9.04 | C44: 31.03 | D44: =C44*1000000 -> 31030000 | E44: 0.0044
A45: 45057 | B45: 9.08 | C45: 25.69 | D45: =C45*1000000 -> 25690000 | E45: 0.0044
A46: 45271 | B46: 9.12 | C46: 32.63 | D46: =C46*1000000 -> 32630000 | E46: 0.0044
A47: 11/19/2023 | B47: 9.09 | C47: 33.63 | D47: =C47*1000000 -> 33630000 | E47: -0.0033
A48: 11/26/2023 | B48: 9 | C48: 37.64 | D48: =C48*1000000 -> 37640000 | E48: -0.0099
A49: 44997 | B49: 9.04 | C49: 27.87 | D49: =C49*1000000 -> 27870000 | E49: 0.0044
A50: 45211 | B50: 9 | C50: 56.39 | D50: =C50*1000000 -> 56390000 | E50: -0.0044
A51: 12/17/2023 | B51: 8.89 | C51: 58.24 | D51: =C51*1000000 -> 58240000 | E51: -0.0122
A52: 12/24/2023 | B52: 8.89 | C52: 42.38 | D52: =C52*1000000 -> 42380000 | E52: 0
A53: 12/31/2023 | B53: 9.06 | C53: 25.15 | D53: =C53*1000000 -> 25150000 | E53: 0.0191
A54: 45474 | B54: 9.06 | C54: 29.38 | D54: =C54*1000000 -> 29380000 | E54: 0
A55: 01/14/2024 | B55: 9.03 | C55: 38.18 | D55: =C55*1000000 -> 38180000 | E55: -0.0033
A56: 01/21/2024 | B56: 9.14 | C56: 31.02 | D56: =C56*1000000 -> 31020000 | E56: 0.0122
A57: 01/28/2024 | B57: 9.34 | C57: 52.64 | D57: =C57*1000000 -> 52640000 | E57: 0.0219
A58: 45384 | B58: 9.26 | C58: 38.78 | D58: =C58*1000000 -> 38780000 | E58: -0.0086
A59: 45598 | B59: 9.43 | C59: 42.06 | D59: =C59*1000000 -> 42060000 | E59: 0.0184
A60: 02/18/2024 | B60: 9.53 | C60: 47.22 | D60: =C60*1000000 -> 47220000 | E60: 0.0106
A61: 02/25/2024 | B61: 9.45 | C61: 77.44 | D61: =C61*1000000 -> 77440000 | E61: -0.0084
A62: 45354 | B62: 9.75 | C62: 77.48 | D62: =C62*1000000 -> 77480000 | E62: 0.0317
A63: 45568 | B63: 9.71 | C63: 88.48 | D63: =C63*1000000 -> 88480000 | E63: -0.0041
A64: 03/17/2024 | B64: 9.59 | C64: 58.41 | D64: =C64*1000000 -> 58410000 | E64: -0.0124
A65: 03/24/2024 | B65: 9.69 | C65: 46.7 | D65: =C65*1000000 -> 46700000 | E65: 0.0104
A66: 03/31/2024 | B66: 9.64 | C66: 50.46 | D66: =C66*1000000 -> 50460000 | E66: -0.0052
A67: 45477 | B67: 9.65 | C67: 30.51 | D67: =C67*1000000 -> 30510000 | E67: 0.001
A68: 04/14/2024 | B68: 9.65 | C68: 53.05 | D68: =C68*1000000 -> 53050000 | E68: 0
A69: 04/21/2024 | B69: 9.79 | C69: 82.14 | D69: =C69*1000000 -> 82140000 | E69: 0.0145
A70: 04/28/2024 | B70: 9.8 | C70: 55.24 | D70: =C70*1000000 -> 55240000 | E70: 0.001
A71: 45417 | B71: 9.87 | C71: 41.62 | D71: =C71*1000000 -> 41620000 | E71: 0.0071
A72: 45631 | B72: 9.92 | C72: 47.12 | D72: =C72*1000000 -> 47120000 | E72: 0.0051
A73: 05/19/2024 | B73: 9.98 | C73: 44.03 | D73: =C73*1000000 -> 44030000 | E73: 0.006
A74: 05/26/2024 | B74: 9.93 | C74: 100.99 | D74: =C74*1000000 -> 100990000 | E74: -0.005
A75: 45328 | B75: 10 | C75: 53.91 | D75: =C75*1000000 -> 53910000 | E75: 0.007
A76: 45541 | B76: 9.94 | C76: 30.94 | D76: =C76*1000000 -> 30940000 | E76: -0.006
A77: 06/16/2024 | B77: 9.86 | C77: 55.4 | D77: =C77*1000000 -> 55400000 | E77: -0.008
A78: 06/23/2024 | B78: 9.96 | C78: 58.21 | D78: =C78*1000000 -> 58210000 | E78: 0.0101
A79: 06/30/2024 | B79: 10.04 | C79: 31.49 | D79: =C79*1000000 -> 31490000 | E79: 0.008
A80: 45480 | B80: 10.04 | C80: 48.97 | D80: =C80*1000000 -> 48970000 | E80: 0
A81: 07/14/2024 | B81: 10.1 | C81: 55.09 | D81: =C81*1000000 -> 55090000 | E81: 0.006
A82: 07/21/2024 | B82: 10.14 | C82: 32.11 | D82: =C82*1000000 -> 32110000 | E82: 0.004
A83: 07/28/2024 | B83: 10.24 | C83: 57.71 | D83: =C83*1000000 -> 57710000 | E83: 0.0099
A84: 45390 | B84: 10.16 | C84: 85.6 | D84: =C84*1000000 -> 85600000 | E84: -0.0078
A85: 45604 | B85: 10.26 | C85: 48.33 | D85: =C85*1000000 -> 48330000 | E85: 0.0098
A86: 08/18/2024 | B86: 10.44 | C86: 74.9 | D86: =C86*1000000 -> 74900000 | E86: 0.0175
A87: 08/25/2024 | B87: 10.78 | C87: 98.43 | D87: =C87*1000000 -> 98430000 | E87: 0.0326
A88: 45300 | B88: 10.8 | C88: 75.19 | D88: =C88*1000000 -> 75190000 | E88: 0.0019
A89: 45513 | B89: 10.64 | C89: 125.59 | D89: =C89*1000000 -> 125590000 | E89: -0.0148
A90: 09/15/2024 | B90: 10.6 | C90: 70.03 | D90: =C90*1000000 -> 70030000 | E90: -0.0038
A91: 09/22/2024 | B91: 10.5 | C91: 40.9 | D91: =C91*1000000 -> 40900000 | E91: -0.0094
A92: 09/29/2024 | B92: 10.5 | C92: 51.89 | D92: =C92*1000000 -> 51890000 | E92: 0
A93: 45453 | B93: 10.56 | C93: 33.85 | D93: =C93*1000000 -> 33850000 | E93: 0.0057
A94: 10/13/2024 | B94: 10.66 | C94: 34.44 | D94: =C94*1000000 -> 34440000 | E94: 0.0095
A95: 10/20/2024 | B95: 10.54 | C95: 34.58 | D95: =C95*1000000 -> 34580000 | E95: -0.0113
A96: 10/27/2024 | B96: 10.4 | C96: 64.1 | D96: =C96*1000000 -> 64100000 | E96: -0.0133
A97: 45362 | B97: 10.5 | C97: 39.52 | D97: =C97*1000000 -> 39520000 | E97: 0.0096
A98: 45576 | B98: 10.36 | C98: 42.72 | D98: =C98*1000000 -> 42720000 | E98: -0.0133
A99: 11/17/2024 | B99: 10.2 | C99: 62.09 | D99: =C99*1000000 -> 62090000 | E99: -0.0154
A100: 11/24/2024 | B100: 10.2 | C100: 83.72 | D100: =C100*1000000 -> 83720000 | E100: 0
...

Sheet In-Sample
A1: Date | B1: Price | C1: Vol. (M) | D1: Change % | E1: Weekly Log Return | F1: Raw Drift | G1: Volatility | H1: Annualised Volatility | I1: Market Drift | J1: Average Price
A2: 45139 | B2: 8.86 | C2: 40.61 | D2: 0.0103
A3: 01/15/2023 | B3: 8.8 | C3: 53.28 | D3: -0.0068 | E3: =LN(B3/B2) -> -0.0067950431
A4: 01/22/2023 | B4: 8.74 | C4: 18.44 | D4: -0.0068 | E4: =LN(B4/B3) -> -0.0068415318
A5: 01/29/2023 | B5: 8.71 | C5: 47.88 | D5: -0.0034 | E5: =LN(B5/B4) -> -0.0034383988
A6: 45048 | B6: 8.75 | C6: 37.66 | D6: 0.0046 | E6: =LN(B6/B5) -> 0.0045819095
A7: 45262 | B7: 8.75 | C7: 43.34 | D7: 0 | E7: =LN(B7/B6) -> 0
A8: 02/19/2023 | B8: 8.74 | C8: 22.05 | D8: -0.0011 | E8: =LN(B8/B7) -> -0.0011435107
A9: 02/26/2023 | B9: 8.71 | C9: 49.55 | D9: -0.0034 | E9: =LN(B9/B8) -> -0.0034383988
A10: 45049 | B10: 8.7 | C10: 48.68 | D10: -0.0011 | E10: =LN(B10/B9) -> -0.0011487652
A11: 45263 | B11: 8.38 | C11: 57.35 | D11: -0.0368 | E11: =LN(B11/B10) -> -0.037475111
A12: 03/19/2023 | B12: 8.43 | C12: 22.18 | D12: 0.006 | E12: =LN(B12/B11) -> 0.0059488575
A13: 03/26/2023 | B13: 8.57 | C13: 25.09 | D13: 0.0166 | E13: =LN(B13/B12) -> 0.016470961
A14: 44961 | B14: 8.66 | C14: 19.39 | D14: 0.0105 | E14: =LN(B14/B13) -> 0.01044699
A15: 45173 | B15: 8.71 | C15: 32.02 | D15: 0.0058 | E15: =LN(B15/B14) -> 0.0057570683
A16: 04/16/2023 | B16: 8.7 | C16: 19.05 | D16: -0.0011 | E16: =LN(B16/B15) -> -0.0011487652
A17: 04/23/2023 | B17: 8.66 | C17: 27.47 | D17: -0.0046 | E17: =LN(B17/B16) -> -0.0046083031
A18: 04/30/2023 | B18: 8.75 | C18: 18.05 | D18: 0.0104 | E18: =LN(B18/B17) -> 0.010338978
A19: 45112 | B19: 8.69 | C19: 27.97 | D19: -0.0069 | E19: =LN(B19/B18) -> -0.0068807611
A20: 05/14/2023 | B20: 8.78 | C20: 19.66 | D20: 0.0104 | E20: =LN(B20/B19) -> 0.010303468
A21: 05/21/2023 | B21: 8.58 | C21: 42.49 | D21: -0.0228 | E21: =LN(B21/B20) -> -0.023042494
A22: 05/28/2023 | B22: 8.58 | C22: 90.71 | D22: 0 | E22: =LN(B22/B21) -> 0
A23: 45022 | B23: 8.62 | C23: 21.69 | D23: 0.0047 | E23: =LN(B23/B22) -> 0.0046511712
A24: 45236 | B24: 8.57 | C24: 39.75 | D24: -0.0058 | E24: =LN(B24/B23) -> -0.0058173521
A25: 06/18/2023 | B25: 8.74 | C25: 28.97 | D25: 0.0198 | E25: =LN(B25/B24) -> 0.019642457
A26: 06/25/2023 | B26: 8.63 | C26: 28.3 | D26: -0.0126 | E26: =LN(B26/B25) -> -0.012665685
A27: 44964 | B27: 8.67 | C27: 25.2 | D27: 0.0046 | E27: =LN(B27/B26) -> 0.0046242857
A28: 45176 | B28: 8.8 | C28: 36.57 | D28: 0.015 | E28: =LN(B28/B27) -> 0.014882931
A29: 07/16/2023 | B29: 8.78 | C29: 30.45 | D29: -0.0023 | E29: =LN(B29/B28) -> -0.0022753138
A30: 07/23/2023 | B30: 8.99 | C30: 53.4 | D30: 0.0239 | E30: =LN(B30/B29) -> 0.023636441
A31: 07/30/2023 | B31: 8.91 | C31: 43.64 | D31: -0.0089 | E31: =LN(B31/B30) -> -0.008938607
A32: 45085 | B32: 9.02 | C32: 56.96 | D32: 0.0123 | E32: =LN(B32/B31) -> 0.012270093
A33: 08/13/2023 | B33: 9 | C33: 45.79 | D33: -0.0022 | E33: =LN(B33/B32) -> -0.0022197567
A34: 08/20/2023 | B34: 9.02 | C34: 43.68 | D34: 0.0022 | E34: =LN(B34/B33) -> 0.0022197567
A35: 08/27/2023 | B35: 9.15 | C35: 45.38 | D35: 0.0144 | E35: =LN(B35/B34) -> 0.014309545
A36: 44994 | B36: 9.14 | C36: 36.63 | D36: -0.0011 | E36: =LN(B36/B35) -> -0.0010934938
A37: 45208 | B37: 8.91 | C37: 59.45 | D37: -0.0252 | E37: =LN(B37/B36) -> -0.025486144
A38: 09/17/2023 | B38: 8.88 | C38: 33.34 | D38: -0.0034 | E38: =LN(B38/B37) -> -0.0033726845
A39: 09/24/2023 | B39: 8.79 | C39: 37.51 | D39: -0.0101 | E39: =LN(B39/B38) -> -0.010186845
A40: 44936 | B40: 8.77 | C40: 76.25 | D40: -0.0023 | E40: =LN(B40/B39) -> -0.0022779053
A41: 45148 | B41: 8.98 | C41: 33.74 | D41: 0.0239 | E41: =LN(B41/B40) -> 0.023663076
A42: 10/15/2023 | B42: 8.99 | C42: 43.37 | D42: 0.0011 | E42: =LN(B42/B41) -> 0.0011129662
A43: 10/22/2023 | B43: 9 | C43: 37.98 | D43: 0.0011 | E43: =LN(B43/B42) -> 0.0011117289
A44: 10/29/2023 | B44: 9.04 | C44: 31.03 | D44: 0.0044 | E44: =LN(B44/B43) -> 0.0044345971
A45: 45057 | B45: 9.08 | C45: 25.69 | D45: 0.0044 | E45: =LN(B45/B44) -> 0.0044150182
A46: 45271 | B46: 9.12 | C46: 32.63 | D46: 0.0044 | E46: =LN(B46/B45) -> 0.0043956115
A47: 11/19/2023 | B47: 9.09 | C47: 33.63 | D47: -0.0033 | E47: =LN(B47/B46) -> -0.0032948959
A48: 11/26/2023 | B48: 9 | C48: 37.64 | D48: -0.0099 | E48: =LN(B48/B47) -> -0.0099503309
A49: 44997 | B49: 9.04 | C49: 27.87 | D49: 0.0044 | E49: =LN(B49/B48) -> 0.0044345971
A50: 45211 | B50: 9 | C50: 56.39 | D50: -0.0044 | E50: =LN(B50/B49) -> -0.0044345971
A51: 12/17/2023 | B51: 8.89 | C51: 58.24 | D51: -0.0122 | E51: =LN(B51/B50) -> -0.012297528
A52: 12/24/2023 | B52: 8.89 | C52: 42.38 | D52: 0 | E52: =LN(B52/B51) -> 0
A53: 12/31/2023 | B53: 9.06 | C53: 25.15 | D53: 0.0191 | E53: =LN(B53/B52) -> 0.018942071 | J53: =AVERAGE(B2:B53) -> 8.8234615
A54: 45474 | B54: 9.06 | C54: 29.38 | D54: 0 | E54: =LN(B54/B53) -> 0 | F54: =AVERAGE(E3:E54) -> 0.00042927607 | G54: =_xlfn.STDEV.S(E3:E54) -> 0.011464061 | H54: =G54/SQRT(52) -> 0.0015897793 | I54: =F54-(H54^2)/2 -> 0.00042801237 | J54: =AVERAGE(B3:B54) -> 8.8273077
A55: 01/14/2024 | B55: 9.03 | C55: 38.18 | D55: -0.0033 | E55: =LN(B55/B54) -> -0.0033167526 | F55: =AVERAGE(E4:E55) -> 0.00049616627 | G55: =_xlfn.STDEV.S(E4:E55) -> 0.011431183 | H55: =G55/SQRT(52) -> 0.0015852198 | I55: =F55-(H55^2)/2 -> 0.00049490981 | J55: =AVERAGE(B4:B55) -> 8.8317308
A56: 01/21/2024 | B56: 9.14 | C56: 31.02 | D56: 0.0122 | E56: =LN(B56/B55) -> 0.012108018 | F56: =AVERAGE(E5:E56) -> 0.00086058069 | G56: =_xlfn.STDEV.S(E5:E56) -> 0.011494548 | H56: =G56/SQRT(52) -> 0.0015940071 | I56: =F56-(H56^2)/2 -> 0.00085931026 | J56: =AVERAGE(B5:B56) -> 8.8394231
A57: 01/28/2024 | B57: 9.34 | C57: 52.64 | D57: 0.0219 | E57: =LN(B57/B56) -> 0.021645867 | F57: =AVERAGE(E6:E57) -> 0.0013429704 | G57: =_xlfn.STDEV.S(E6:E57) -> 0.011831997 | H57: =G57/SQRT(52) -> 0.0016408027 | I57: =F57-(H57^2)/2 -> 0.0013416243 | J57: =AVERAGE(B6:B57) -> 8.8515385
A58: 45384 | B58: 9.26 | C58: 38.78 | D58: -0.0086 | E58: =LN(B58/B57) -> -0.0086022036 | F58: =AVERAGE(E7:E58) -> 0.0010894298 | G58: =_xlfn.STDEV.S(E7:E58) -> 0.011902279 | H58: =G58/SQRT(52) -> 0.0016505491 | I58: =F58-(H58^2)/2 -> 0.0010880676 | J58: =AVERAGE(B7:B58) -> 8.8613462
A59: 45598 | B59: 9.43 | C59: 42.06 | D59: 0.0184 | E59: =LN(B59/B58) -> 0.018192048 | F59: =AVERAGE(E8:E59) -> 0.0014392769 | G59: =_xlfn.STDEV.S(E8:E59) -> 0.012134721 | H59: =G59/SQRT(52) -> 0.0016827831 | I59: =F59-(H59^2)/2 -> 0.001437861 | J59: =AVERAGE(B8:B59) -> 8.8744231
A60: 02/18/2024 | B60: 9.53 | C60: 47.22 | D60: 0.0106 | E60: =LN(B60/B59) -> 0.010548621 | F60: =AVERAGE(E9:E60) -> 0.0016641255 | G60: =_xlfn.STDEV.S(E9:E60) -> 0.012194104 | H60: =G60/SQRT(52) -> 0.001691018 | I60: =F60-(H60^2)/2 -> 0.0016626958 | J60: =AVERAGE(B9:B60) -> 8.8896154
A61: 02/25/2024 | B61: 9.45 | C61: 77.44 | D61: -0.0084 | E61: =LN(B61/B60) -> -0.0084299762 | F61: =AVERAGE(E10:E61) -> 0.0015681337 | G61: =_xlfn.STDEV.S(E10:E61) -> 0.012254556 | H61: =G61/SQRT(52) -> 0.0016994011 | I61: =F61-(H61^2)/2 -> 0.0015666897 | J61: =AVERAGE(B10:B61) -> 8.9038462
A62: 45354 | B62: 9.75 | C62: 77.48 | D62: 0.0317 | E62: =LN(B62/B61) -> 0.031252544 | F62: =AVERAGE(E11:E62) -> 0.0021912358 | G62: =_xlfn.STDEV.S(E11:E62) -> 0.012919414 | H62: =G62/SQRT(52) -> 0.0017916004 | I62: =F62-(H62^2)/2 -> 0.0021896308 | J62: =AVERAGE(B11:B62) -> 8.9240385
A63: 45568 | B63: 9.71 | C63: 88.48 | D63: -0.0041 | E63: =LN(B63/B62) -> -0.0041110027 | F63: =AVERAGE(E12:E63) -> 0.0028328532 | G63: =_xlfn.STDEV.S(E12:E63) -> 0.011679852 | H63: =G63/SQRT(52) -> 0.0016197041 | I63: =F63-(H63^2)/2 -> 0.0028315415 | J63: =AVERAGE(B12:B63) -> 8.9496154
A64: 03/17/2024 | B64: 9.59 | C64: 58.41 | D64: -0.0124 | E64: =LN(B64/B63) -> -0.012435393 | F64: =AVERAGE(E13:E64) -> 0.0024793099 | G64: =_xlfn.STDEV.S(E13:E64) -> 0.011860527 | H64: =G64/SQRT(52) -> 0.0016447591 | I64: =F64-(H64^2)/2 -> 0.0024779573 | J64: =AVERAGE(B13:B64) -> 8.9719231
A65: 03/24/2024 | B65: 9.69 | C65: 46.7 | D65: 0.0104 | E65: =LN(B65/B64) -> 0.010373537 | F65: =AVERAGE(E14:E65) -> 0.0023620518 | G65: =_xlfn.STDEV.S(E14:E65) -> 0.011749105 | H65: =G65/SQRT(52) -> 0.0016293076 | I65: =F65-(H65^2)/2 -> 0.0023607245 | J65: =AVERAGE(B14:B65) -> 8.9934615
A66: 03/31/2024 | B66: 9.64 | C66: 50.46 | D66: -0.0052 | E66: =LN(B66/B65) -> -0.0051733173 | F66: =AVERAGE(E15:E66) -> 0.0020616613 | G66: =_xlfn.STDEV.S(E15:E66) -> 0.011738021 | H66: =G66/SQRT(52) -> 0.0016277706 | I66: =F66-(H66^2)/2 -> 0.0020603365 | J66: =AVERAGE(B15:B66) -> 9.0123077
A67: 45477 | B67: 9.65 | C67: 30.51 | D67: 0.001 | E67: =LN(B67/B66) -> 0.0010368067 | F67: =AVERAGE(E16:E67) -> 0.001970887 | G67: =_xlfn.STDEV.S(E16:E67) -> 0.011727129 | H67: =G67/SQRT(52) -> 0.0016262602 | I67: =F67-(H67^2)/2 -> 0.0019695646 | J67: =AVERAGE(B16:B67) -> 9.0303846
A68: 04/14/2024 | B68: 9.65 | C68: 53.05 | D68: 0 | E68: =LN(B68/B67) -> 0 | F68: =AVERAGE(E17:E68) -> 0.0019929786 | G68: =_xlfn.STDEV.S(E17:E68) -> 0.011722218 | H68: =G68/SQRT(52) -> 0.0016255792 | I68: =F68-(H68^2)/2 -> 0.0019916574 | J68: =AVERAGE(B17:B68) -> 9.0486538
A69: 04/21/2024 | B69: 9.79 | C69: 82.14 | D69: 0.0145 | E69: =LN(B69/B68) -> 0.014403541 | F69: =AVERAGE(E18:E69) -> 0.002358591 | G69: =_xlfn.STDEV.S(E18:E69) -> 0.011808459 | H69: =G69/SQRT(52) -> 0.0016375386 | I69: =F69-(H69^2)/2 -> 0.0023572503 | J69: =AVERAGE(B18:B69) -> 9.0703846
A70: 04/28/2024 | B70: 9.8 | C70: 55.24 | D70: 0.001 | E70: =LN(B70/B69) -> 0.0010209291 | F70: =AVERAGE(E19:E70) -> 0.0021793978 | G70: =_xlfn.STDEV.S(E19:E70) -> 0.011755564 | H70: =G70/SQRT(52) -> 0.0016302034 | I70: =F70-(H70^2)/2 -> 0.002178069 | J70: =AVERAGE(B19:B70) -> 9.0905769
A71: 45417 | B71: 9.87 | C71: 41.62 | D71: 0.0071 | E71: =LN(B71/B70) -> 0.0071174678 | F71: =AVERAGE(E20:E71) -> 0.0024485945 | G71: =_xlfn.STDEV.S(E20:E71) -> 0.011704187 | H71: =G71/SQRT(52) -> 0.0016230787 | I71: =F71-(H71^2)/2 -> 0.0024472773 | J71: =AVERAGE(B20:B71) -> 9.1132692
A72: 45631 | B72: 9.92 | C72: 47.12 | D72: 0.0051 | E72: =LN(B72/B71) -> 0.0050530679 | F72: =AVERAGE(E21:E72) -> 0.0023476253 | G72: =_xlfn.STDEV.S(E21:E72) -> 0.01165765 | H72: =G72/SQRT(52) -> 0.0016166252 | I72: =F72-(H72^2)/2 -> 0.0023463185 | J72: =AVERAGE(B21:B72) -> 9.1351923
A73: 05/19/2024 | B73: 9.98 | C73: 44.03 | D73: 0.006 | E73: =LN(B73/B72) -> 0.006030169 | F73: =AVERAGE(E22:E73) -> 0.0029067149 | G73: =_xlfn.STDEV.S(E22:E73) -> 0.011099894 | H73: =G73/SQRT(52) -> 0.0015392784 | I73: =F73-(H73^2)/2 -> 0.0029055302 | J73: =AVERAGE(B22:B73) -> 9.1621154
A74: 05/26/2024 | B74: 9.93 | C74: 100.99 | D74: -0.005 | E74: =LN(B74/B73) -> -0.0050226123 | F74: =AVERAGE(E23:E74) -> 0.0028101262 | G74: =_xlfn.STDEV.S(E23:E74) -> 0.011147435 | H74: =G74/SQRT(52) -> 0.001545871 | I74: =F74-(H74^2)/2 -> 0.0028089314 | J74: =AVERAGE(B23:B74) -> 9.1880769
A75: 45328 | B75: 10 | C75: 53.91 | D75: 0.007 | E75: =LN(B75/B74) -> 0.0070246149 | F75: =AVERAGE(E24:E75) -> 0.0028557694 | G75: =_xlfn.STDEV.S(E24:E75) -> 0.011159973 | H75: =G75/SQRT(52) -> 0.0015476097 | I75: =F75-(H75^2)/2 -> 0.0028545718 | J75: =AVERAGE(B24:B75) -> 9.2146154
A76: 45541 | B76: 9.94 | C76: 30.94 | D76: -0.006 | E76: =LN(B76/B75) -> -0.0060180723 | F76: =AVERAGE(E25:E76) -> 0.0028519094 | G76: =_xlfn.STDEV.S(E25:E76) -> 0.011163066 | H76: =G76/SQRT(52) -> 0.0015480387 | I76: =F76-(H76^2)/2 -> 0.0028507112 | J76: =AVERAGE(B25:B76) -> 9.2409615
A77: 06/16/2024 | B77: 9.86 | C77: 55.4 | D77: -0.008 | E77: =LN(B77/B76) -> -0.0080808521 | F77: =AVERAGE(E26:E77) -> 0.0023187688 | G77: =_xlfn.STDEV.S(E26:E77) -> 0.01100636 | H77: =G77/SQRT(52) -> 0.0015263075 | I77: =F77-(H77^2)/2 -> 0.002317604 | J77: =AVERAGE(B26:B77) -> 9.2625
A78: 06/23/2024 | B78: 9.96 | C78: 58.21 | D78: 0.0101 | E78: =LN(B78/B77) -> 0.010090903 | F78: =AVERAGE(E27:E78) -> 0.0027563955 | G78: =_xlfn.STDEV.S(E27:E78) -> 0.010850184 | H78: =G78/SQRT(52) -> 0.0015046498 | I78: =F78-(H78^2)/2 -> 0.0027552635 | J78: =AVERAGE(B27:B78) -> 9.2880769
A79: 06/30/2024 | B79: 10.04 | C79: 31.49 | D79: 0.008 | E79: =LN(B79/B78) -> 0.0080000427 | F79: =AVERAGE(E28:E79) -> 0.0028213139 | G79: =_xlfn.STDEV.S(E28:E79) -> 0.010871657 | H79: =G79/SQRT(52) -> 0.0015076275 | I79: =F79-(H79^2)/2 -> 0.0028201774 | J79: =AVERAGE(B28:B79) -> 9.3144231
A80: 45480 | B80: 10.04 | C80: 48.97 | D80: 0 | E80: =LN(B80/B79) -> 0 | F80: =AVERAGE(E29:E80) -> 0.0025351037 | G80: =_xlfn.STDEV.S(E29:E80) -> 0.010743038 | H80: =G80/SQRT(52) -> 0.0014897914 | I80: =F80-(H80^2)/2 -> 0.002533994 | J80: =AVERAGE(B29:B80) -> 9.3382692
A81: 07/14/2024 | B81: 10.1 | C81: 55.09 | D81: 0.006 | E81: =LN(B81/B80) -> 0.0059583096 | F81: =AVERAGE(E30:E81) -> 0.0026934426 | G81: =_xlfn.STDEV.S(E30:E81) -> 0.010731419 | H81: =G81/SQRT(52) -> 0.0014881801 | I81: =F81-(H81^2)/2 -> 0.0026923353 | J81: =AVERAGE(B30:B81) -> 9.3636538
A82: 07/21/2024 | B82: 10.14 | C82: 32.11 | D82: 0.004 | E82: =LN(B82/B81) -> 0.0039525743 | F82: =AVERAGE(E31:E82) -> 0.0023149067 | G82: =_xlfn.STDEV.S(E31:E82) -> 0.010317372 | H82: =G82/SQRT(52) -> 0.001430762 | I82: =F82-(H82^2)/2 -> 0.0023138832 | J82: =AVERAGE(B31:B82) -> 9.3857692
A83: 07/28/2024 | B83: 10.24 | C83: 57.71 | D83: 0.0099 | E83: =LN(B83/B82) -> 0.0098136214 | F83: =AVERAGE(E32:E83) -> 0.0026755265 | G83: =_xlfn.STDEV.S(E32:E83) -> 0.010243777 | H83: =G83/SQRT(52) -> 0.0014205562 | I83: =F83-(H83^2)/2 -> 0.0026745175 | J83: =AVERAGE(B32:B83) -> 9.4113462
A84: 45390 | B84: 10.16 | C84: 85.6 | D84: -0.0078 | E84: =LN(B84/B83) -> -0.0078431775 | F84: =AVERAGE(E33:E84) -> 0.0022887328 | G84: =_xlfn.STDEV.S(E33:E84) -> 0.010254115 | H84: =G84/SQRT(52) -> 0.0014219899 | I84: =F84-(H84^2)/2 -> 0.0022877218 | J84: =AVERAGE(B33:B84) -> 9.4332692
A85: 45604 | B85: 10.26 | C85: 48.33 | D85: 0.0098 | E85: =LN(B85/B84) -> 0.0097943976 | F85: =AVERAGE(E34:E85) -> 0.0025197743 | G85: =_xlfn.STDEV.S(E34:E85) -> 0.01028584 | H85: =G85/SQRT(52) -> 0.0014263893 | I85: =F85-(H85^2)/2 -> 0.002518757 | J85: =AVERAGE(B34:B85) -> 9.4575
A86: 08/18/2024 | B86: 10.44 | C86: 74.9 | D86: 0.0175 | E86: =LN(B86/B85) -> 0.017391743 | F86: =AVERAGE(E35:E86) -> 0.0028115432 | G86: =_xlfn.STDEV.S(E35:E86) -> 0.010490315 | H86: =G86/SQRT(52) -> 0.001454745 | I86: =F86-(H86^2)/2 -> 0.0028104851 | J86: =AVERAGE(B35:B86) -> 9.4848077
A87: 08/25/2024 | B87: 10.78 | C87: 98.43 | D87: 0.0326 | E87: =LN(B87/B86) -> 0.032047983 | F87: =AVERAGE(E36:E87) -> 0.003152667 | G87: =_xlfn.STDEV.S(E36:E87) -> 0.011139839 | H87: =G87/SQRT(52) -> 0.0015448177 | I87: =F87-(H87^2)/2 -> 0.0031514738 | J87: =AVERAGE(B36:B87) -> 9.5161538
A88: 45300 | B88: 10.8 | C88: 75.19 | D88: 0.0019 | E88: =LN(B88/B87) -> 0.0018535686 | F88: =AVERAGE(E37:E88) -> 0.0032093413 | G88: =_xlfn.STDEV.S(E37:E88) -> 0.0111253 | H88: =G88/SQRT(52) -> 0.0015428015 | I88: =F88-(H88^2)/2 -> 0.0032081512 | J88: =AVERAGE(B37:B88) -> 9.5480769
A89: 45513 | B89: 10.64 | C89: 125.59 | D89: -0.0148 | E89: =LN(B89/B88) -> -0.01492565 | F89: =AVERAGE(E38:E89) -> 0.0034124277 | G89: =_xlfn.STDEV.S(E38:E89) -> 0.01067863 | H89: =G89/SQRT(52) -> 0.0014808595 | I89: =F89-(H89^2)/2 -> 0.0034113313 | J89: =AVERAGE(B38:B89) -> 9.5813462
A90: 09/15/2024 | B90: 10.6 | C90: 70.03 | D90: -0.0038 | E90: =LN(B90/B89) -> -0.0037664828 | F90: =AVERAGE(E39:E90) -> 0.0034048547 | G90: =_xlfn.STDEV.S(E39:E90) -> 0.010683674 | H90: =G90/SQRT(52) -> 0.0014815591 | I90: =F90-(H90^2)/2 -> 0.0034037572 | J90: =AVERAGE(B39:B90) -> 9.6144231
A91: 09/22/2024 | B91: 10.5 | C91: 40.9 | D91: -0.0094 | E91: =LN(B91/B90) -> -0.009478744 | F91: =AVERAGE(E40:E91) -> 0.003418472 | G91: =_xlfn.STDEV.S(E40:E91) -> 0.010666448 | H91: =G91/SQRT(52) -> 0.0014791702 | I91: =F91-(H91^2)/2 -> 0.0034173781 | J91: =AVERAGE(B40:B91) -> 9.6473077
A92: 09/29/2024 | B92: 10.5 | C92: 51.89 | D92: 0 | E92: =LN(B92/B91) -> 0 | F92: =AVERAGE(E41:E92) -> 0.0034622779 | G92: =_xlfn.STDEV.S(E41:E92) -> 0.010647255 | H92: =G92/SQRT(52) -> 0.0014765086 | I92: =F92-(H92^2)/2 -> 0.0034611879 | J92: =AVERAGE(B41:B92) -> 9.6805769
A93: 45453 | B93: 10.56 | C93: 33.85 | D93: 0.0057 | E93: =LN(B93/B92) -> 0.0056980211 | F93: =AVERAGE(E42:E93) -> 0.0031167961 | G93: =_xlfn.STDEV.S(E42:E93) -> 0.010263476 | H93: =G93/SQRT(52) -> 0.0014232881 | I93: =F93-(H93^2)/2 -> 0.0031157832 | J93: =AVERAGE(B42:B93) -> 9.7109615
A94: 10/13/2024 | B94: 10.66 | C94: 34.44 | D94: 0.0095 | E94: =LN(B94/B93) -> 0.0094251405 | F94: =AVERAGE(E43:E94) -> 0.0032766456 | G94: =_xlfn.STDEV.S(E43:E94) -> 0.010296332 | H94: =G94/SQRT(52) -> 0.0014278444 | I94: =F94-(H94^2)/2 -> 0.0032756262 | J94: =AVERAGE(B43:B94) -> 9.7430769
A95: 10/20/2024 | B95: 10.54 | C95: 34.58 | D95: -0.0113 | E95: =LN(B95/B94) -> -0.011320876 | F95: =AVERAGE(E44:E95) -> 0.003037557 | G95: =_xlfn.STDEV.S(E44:E95) -> 0.010490112 | H95: =G95/SQRT(52) -> 0.0014547169 | I95: =F95-(H95^2)/2 -> 0.0030364989 | J95: =AVERAGE(B44:B95) -> 9.7726923
A96: 10/27/2024 | B96: 10.4 | C96: 64.1 | D96: -0.0133 | E96: =LN(B96/B95) -> -0.013371737 | F96: =AVERAGE(E45:E96) -> 0.0026951275 | G96: =_xlfn.STDEV.S(E45:E96) -> 0.010731465 | H96: =G96/SQRT(52) -> 0.0014881864 | I96: =F96-(H96^2)/2 -> 0.0026940202 | J96: =AVERAGE(B45:B96) -> 9.7988462
A97: 45362 | B97: 10.5 | C97: 39.52 | D97: 0.0096 | E97: =LN(B97/B96) -> 0.009569451 | F97: =AVERAGE(E46:E97) -> 0.0027942512 | G97: =_xlfn.STDEV.S(E46:E97) -> 0.010771393 | H97: =G97/SQRT(52) -> 0.0014937235 | I97: =F97-(H97^2)/2 -> 0.0027931356 | J97: =AVERAGE(B46:B97) -> 9.8261538
A98: 45576 | B98: 10.36 | C98: 42.72 | D98: -0.0133 | E98: =LN(B98/B97) -> -0.01342302 | F98: =AVERAGE(E47:E98) -> 0.0024515852 | G98: =_xlfn.STDEV.S(E47:E98) -> 0.011000444 | H98: =G98/SQRT(52) -> 0.0015254871 | I98: =F98-(H98^2)/2 -> 0.0024504217 | J98: =AVERAGE(B47:B98) -> 9.85
A99: 11/17/2024 | B99: 10.2 | C99: 62.09 | D99: -0.0154 | E99: =LN(B99/B98) -> -0.015564517 | F99: =AVERAGE(E48:E99) -> 0.002215631 | G99: =_xlfn.STDEV.S(E48:E99) -> 0.011254769 | H99: =G99/SQRT(52) -> 0.0015607556 | I99: =F99-(H99^2)/2 -> 0.002214413 | J99: =AVERAGE(B48:B99) -> 9.8713462
A100: 11/24/2024 | B100: 10.2 | C100: 83.72 | D100: 0 | E100: =LN(B100/B99) -> 0 | F100: =AVERAGE(E49:E100) -> 0.0024069835 | G100: =_xlfn.STDEV.S(E49:E100) -> 0.011127739 | H100: =G100/SQRT(52) -> 0.0015431398 | I100: =F100-(H100^2)/2 -> 0.0024057929 | J100: =AVERAGE(B49:B100) -> 9.8944231
...

Sheet Out Sample Forecast Summary
A2: Date | B2: Actual Price | C2: Vol. (M) | D2: Change % | E2: Weekly Log Return | F2: Raw Drift | G2: Volatility | H2: Annualised Volatility | I2: Market Drift | J2: Average Price (Rolling) | K2: Lower Limit (CI) | L2: Upper Limit (CI) | M2: Confidence Interval (Avg Price) | N2: Forecasted Price | O2: Lower Limit (CI) | P2: Upper Limit (CI) | Q2: Confidence Interval (Forecasted Price) | R2: Forecasted Price (With Dividend) | S2: Percentage Error | T2: Percentage Error (Dividend) | U2: MPE | V2: MPE (Dividend)
A3: 45847 | B3: 9.87 | C3: 56.57 | D3: -0.012 | E3: ='In-Sample'!E141 -> -0.012084739 | F3: ='In-Sample'!F141 -> -0.0014446275 | G3: ='In-Sample'!G141 -> 0.013827992 | H3: ='In-Sample'!H141 -> 0.0019175974 | I3: ='In-Sample'!I141 -> -0.0014464661 | J3: ='In-Sample'!J141 -> 10.106154 | U3: ='Out Sample Forecast'!Q1 -> 0.00067637454 | V3: ='Out Sample Forecast (Dividend)'!M2 -> 0.001848666
A4: 09/14/2025 | B4: 9.8 | C4: 33.54 | D4: -0.0071 | E4: ='In-Sample'!E142 -> -0.0071174678 | F4: ='In-Sample'!F142 -> -0.0015090695 | G4: ='In-Sample'!G142 -> 0.01384682 | H4: ='In-Sample'!H142 -> 0.0019202084 | I4: ='In-Sample'!I142 -> -0.0015109131 | J4: ='In-Sample'!J142 -> 10.090769 | K4: =J4*EXP(I4-1.96*H4) -> 10.037685 | L4: =J4*EXP(I4+1.96*H4) -> 10.113526 | M4: =L4-K4 -> 0.075840914 | N4: ='Out Sample Forecast'!J3 -> 9.8698257 | O4: ='Out Sample Forecast'!K3 -> 9.8179042 | P4: ='Out Sample Forecast'!L3 -> 9.8920845 | Q4: ='Out Sample Forecast'!M3 -> 0.074180331 | R4: ='Out Sample Forecast (Dividend)'!K3 -> 9.8581625 | S4: ='Out Sample Forecast'!O3 -> -0.0071250724 | T4: ='Out Sample Forecast (Dividend)'!L3 -> -0.0059349458
A5: 09/21/2025 | B5: 9.89 | C5: 50.26 | D5: 0.0092 | E5: ='In-Sample'!E143 -> 0.00914176 | F5: ='In-Sample'!F143 -> -0.0011509829 | G5: ='In-Sample'!G143 -> 0.013877413 | H5: ='In-Sample'!H143 -> 0.0019244509 | I5: ='In-Sample'!I143 -> -0.0011528347 | J5: ='In-Sample'!J143 -> 10.079038 | K5: =J5*EXP(I5-1.96*H5) -> 10.029524 | L5: =J5*EXP(I5+1.96*H5) -> 10.105471 | M5: =L5-K5 -> 0.075947306 | N5: ='Out Sample Forecast'!J4 -> 9.7996146 | O5: ='Out Sample Forecast'!K4 -> 9.7514726 | P5: ='Out Sample Forecast'!L4 -> 9.8253144 | Q5: ='Out Sample Forecast'!M4 -> 0.073841799 | R5: ='Out Sample Forecast (Dividend)'!K4 -> 9.788254 | S5: ='Out Sample Forecast'!O4 -> 0.0091390652 | T5: ='Out Sample Forecast (Dividend)'!L4 -> 0.01028777
A6: 09/28/2025 | B6: 10 | C6: 54.95 | D6: 0.0111 | E6: ='In-Sample'!E144 -> 0.011060947 | F6: ='In-Sample'!F144 -> -0.00093827239 | G6: ='In-Sample'!G144 -> 0.013979793 | H6: ='In-Sample'!H144 -> 0.0019386485 | I6: ='In-Sample'!I144 -> -0.00094015157 | J6: ='In-Sample'!J144 -> 10.069423 | K6: =J6*EXP(I6-1.96*H6) -> 10.021808 | L6: =J6*EXP(I6+1.96*H6) -> 10.098259 | M6: =L6-K6 -> 0.076450879 | N6: ='Out Sample Forecast'!J5 -> 9.8897739 | O6: ='Out Sample Forecast'!K5 -> 9.8430082 | P6: ='Out Sample Forecast'!L5 -> 9.9180951 | Q6: ='Out Sample Forecast'!M5 -> 0.075086914 | R6: ='Out Sample Forecast (Dividend)'!K5 -> 9.8781999 | S6: ='Out Sample Forecast'!O5 -> 0.011022615 | T6: ='Out Sample Forecast (Dividend)'!L5 -> 0.012180015
A7: 45787 | B7: 9.95 | C7: 37.35 | D7: -0.005 | E7: ='In-Sample'!E145 -> -0.0050125418 | F7: ='In-Sample'!F145 -> -0.0011442448 | G7: ='In-Sample'!G145 -> 0.013958987 | H7: ='In-Sample'!H145 -> 0.0019357632 | I7: ='In-Sample'!I145 -> -0.0011461183 | J7: ='In-Sample'!J145 -> 10.057692 | K7: =J7*EXP(I7-1.96*H7) -> 10.008128 | L7: =J7*EXP(I7+1.96*H7) -> 10.08436 | M7: =L7-K7 -> 0.076232459 | N7: ='Out Sample Forecast'!J6 -> 9.9997823 | O7: ='Out Sample Forecast'!K6 -> 9.950503 | P7: ='Out Sample Forecast'!L6 -> 10.026297 | Q7: ='Out Sample Forecast'!M6 -> 0.075793529 | R7: ='Out Sample Forecast (Dividend)'!K6 -> 9.9880983 | S7: ='Out Sample Forecast'!O6 -> -0.0050032432 | T7: ='Out Sample Forecast (Dividend)'!L6 -> -0.0038289781
A8: 46001 | B8: 9.89 | C8: 53.41 | D8: -0.006 | E8: ='In-Sample'!E146 -> -0.0060484055 | F8: ='In-Sample'!F146 -> -0.0014418129 | G8: ='In-Sample'!G146 -> 0.013894034 | H8: ='In-Sample'!H146 -> 0.0019267559 | I8: ='In-Sample'!I146 -> -0.0014436691 | J8: ='In-Sample'!J146 -> 10.042885 | K8: =J8*EXP(I8-1.96*H8) -> 9.9905962 | L8: =J8*EXP(I8+1.96*H8) -> 10.06634 | M8: =L8-K8 -> 0.075743486 | N8: ='Out Sample Forecast'!J7 -> 9.9498009 | O8: ='Out Sample Forecast'!K7 -> 9.8979972 | P8: ='Out Sample Forecast'!L7 -> 9.9730386 | Q8: ='Out Sample Forecast'!M7 -> 0.075041448 | R8: ='Out Sample Forecast (Dividend)'!K7 -> 9.9381108 | S8: ='Out Sample Forecast'!O7 -> -0.0060466036 | T8: ='Out Sample Forecast (Dividend)'!L7 -> -0.0048645918
A9: 10/19/2025 | B9: 9.9 | C9: 43.01 | D9: 0.001 | E9: ='In-Sample'!E147 -> 0.0010106115 | F9: ='In-Sample'!F147 -> -0.001204669 | G9: ='In-Sample'!G147 -> 0.013827188 | H9: ='In-Sample'!H147 -> 0.001917486 | I9: ='In-Sample'!I147 -> -0.0012065073 | J9: ='In-Sample'!J147 -> 10.030577 | K9: =J9*EXP(I9-1.96*H9) -> 9.9809007 | L9: =J9*EXP(I9+1.96*H9) -> 10.056205 | M9: =L9-K9 -> 0.075304551 | N9: ='Out Sample Forecast'!J8 -> 9.8896944 | O9: ='Out Sample Forecast'!K8 -> 9.8407159 | P9: ='Out Sample Forecast'!L8 -> 9.9149628 | Q9: ='Out Sample Forecast'!M8 -> 0.074246875 | R9: ='Out Sample Forecast (Dividend)'!K8 -> 9.8781083 | S9: ='Out Sample Forecast'!O8 -> 0.0010409676 | T9: ='Out Sample Forecast (Dividend)'!L8 -> 0.0022112835
A10: 10/26/2025 | B10: 9.87 | C10: 47.13 | D10: -0.003 | E10: ='In-Sample'!E148 -> -0.0030349037 | F10: ='In-Sample'!F148 -> -0.0010058837 | G10: ='In-Sample'!G148 -> 0.013722748 | H10: ='In-Sample'!H148 -> 0.0019030028 | I10: ='In-Sample'!I148 -> -0.0010076944 | J10: ='In-Sample'!J148 -> 10.020385 | K10: =J10*EXP(I10-1.96*H10) -> 9.9730245 | L10: =J10*EXP(I10+1.96*H10) -> 10.047699 | M10: =L10-K10 -> 0.074674661 | N10: ='Out Sample Forecast'!J9 -> 9.8999354 | O10: ='Out Sample Forecast'!K9 -> 9.8531446 | P10: ='Out Sample Forecast'!L9 -> 9.9269216 | Q10: ='Out Sample Forecast'!M9 -> 0.07377704 | R10: ='Out Sample Forecast (Dividend)'!K9 -> 9.8882031 | S10: ='Out Sample Forecast'!O9 -> -0.0030329666 | T10: ='Out Sample Forecast (Dividend)'!L9 -> -0.0018442841
A11: 45699 | B11: 9.91 | C11: 56.07 | D11: 0.0041 | E11: ='In-Sample'!E149 -> 0.0040444949 | F11: ='In-Sample'!F149 -> -0.0011121329 | G11: ='In-Sample'!G149 -> 0.01366051 | H11: ='In-Sample'!H149 -> 0.0018943719 | I11: ='In-Sample'!I149 -> -0.0011139272 | J11: ='In-Sample'!J149 -> 10.009038 | K11: =J11*EXP(I11-1.96*H11) -> 9.9608423 | L11: =J11*EXP(I11+1.96*H11) -> 10.035086 | M11: =L11-K11 -> 0.074243922 | N11: ='Out Sample Forecast'!J10 -> 9.8697342 | O11: ='Out Sample Forecast'!K10 -> 9.8222088 | P11: ='Out Sample Forecast'!L10 -> 9.8954194 | Q11: ='Out Sample Forecast'!M10 -> 0.073210606 | R11: ='Out Sample Forecast (Dividend)'!K10 -> 9.858239 | S11: ='Out Sample Forecast'!O10 -> 0.0040631464 | T11: ='Out Sample Forecast (Dividend)'!L10 -> 0.0052231045
A12: 45911 | B12: 9.93 | C12: 47.19 | D12: 0.002 | E12: ='In-Sample'!E150 -> 0.0020161297 | F12: ='In-Sample'!F150 -> -0.00081522613 | G12: ='In-Sample'!G150 -> 0.013555066 | H12: ='In-Sample'!H150 -> 0.0018797495 | I12: ='In-Sample'!I150 -> -0.00081699286 | J12: ='In-Sample'!J150 -> 10.000769 | K12: =J12*EXP(I12-1.96*H12) -> 9.9558539 | L12: =J12*EXP(I12+1.96*H12) -> 10.029486 | M12: =L12-K12 -> 0.073631833 | N12: ='Out Sample Forecast'!J11 -> 9.9098474 | O12: ='Out Sample Forecast'!K11 -> 9.8653405 | P12: ='Out Sample Forecast'!L11 -> 9.9383029 | Q12: ='Out Sample Forecast'!M11 -> 0.07296241 | R12: ='Out Sample Forecast (Dividend)'!K11 -> 9.8981384 | S12: ='Out Sample Forecast'!O11 -> 0.0020294629 | T12: ='Out Sample Forecast (Dividend)'!L11 -> 0.003208621

Sheet Out Sample Forecast
A1: Date | B1: Price | C1: Vol. (M) | D1: Change % | E1: Weekly Log Return | F1: Raw Drift | G1: Volatility | H1: Annualised Volatility | I1: Market Drift | J1: Forecasted Price (Mean) | K1: Lower Limit (CI) | L1: Upper Limit (CI) | M1: Range | O1: Percentage Error | P1: MPE | Q1: =AVERAGE(O3:O11) -> 0.00067637454
A2: 45847 | B2: 9.87 | C2: 56.57 | D2: -0.012 | E2: ='In-Sample'!E141 -> -0.012084739 | F2: ='In-Sample'!F141 -> -0.0014446275 | G2: ='In-Sample'!G141 -> 0.013827992 | H2: ='In-Sample'!H141 -> 0.0019175974 | I2: ='In-Sample'!I141 -> -0.0014464661
A3: 09/14/2025 | B3: 9.8 | C3: 33.54 | D3: -0.0071 | E3: ='In-Sample'!E142 -> -0.0071174678 | F3: ='In-Sample'!F142 -> -0.0015090695 | G3: ='In-Sample'!G142 -> 0.01384682 | H3: ='In-Sample'!H142 -> 0.0019202084 | I3: ='In-Sample'!I142 -> -0.0015109131 | J3: =AVERAGE(B15:SG15) -> 9.8698257 | K3: =J3*EXP(I3-1.96*H3) -> 9.8179042 | L3: =$J3*EXP(I3+1.96*H3) -> 9.8920845 | M3: =L3-K3 -> 0.074180331 | O3: =(B3-J3)/B3 -> -0.0071250724
A4: 09/21/2025 | B4: 9.89 | C4: 50.26 | D4: 0.0092 | E4: ='In-Sample'!E143 -> 0.00914176 | F4: ='In-Sample'!F143 -> -0.0011509829 | G4: ='In-Sample'!G143 -> 0.013877413 | H4: ='In-Sample'!H143 -> 0.0019244509 | I4: ='In-Sample'!I143 -> -0.0011528347 | J4: =AVERAGE(B16:SG16) -> 9.7996146 | K4: =J4*EXP(I4-1.96*H4) -> 9.7514726 | L4: =$J4*EXP(I4+1.96*H4) -> 9.8253144 | M4: =L4-K4 -> 0.073841799 | O4: =(B4-J4)/B4 -> 0.0091390652
A5: 09/28/2025 | B5: 10 | C5: 54.95 | D5: 0.0111 | E5: ='In-Sample'!E144 -> 0.011060947 | F5: ='In-Sample'!F144 -> -0.00093827239 | G5: ='In-Sample'!G144 -> 0.013979793 | H5: ='In-Sample'!H144 -> 0.0019386485 | I5: ='In-Sample'!I144 -> -0.00094015157 | J5: =AVERAGE(B17:SG17) -> 9.8897739 | K5: =J5*EXP(I5-1.96*H5) -> 9.8430082 | L5: =$J5*EXP(I5+1.96*H5) -> 9.9180951 | M5: =L5-K5 -> 0.075086914 | O5: =(B5-J5)/B5 -> 0.011022615
A6: 45787 | B6: 9.95 | C6: 37.35 | D6: -0.005 | E6: ='In-Sample'!E145 -> -0.0050125418 | F6: ='In-Sample'!F145 -> -0.0011442448 | G6: ='In-Sample'!G145 -> 0.013958987 | H6: ='In-Sample'!H145 -> 0.0019357632 | I6: ='In-Sample'!I145 -> -0.0011461183 | J6: =AVERAGE(B18:SG18) -> 9.9997823 | K6: =J6*EXP(I6-1.96*H6) -> 9.950503 | L6: =$J6*EXP(I6+1.96*H6) -> 10.026297 | M6: =L6-K6 -> 0.075793529 | O6: =(B6-J6)/B6 -> -0.0050032432
A7: 46001 | B7: 9.89 | C7: 53.41 | D7: -0.006 | E7: ='In-Sample'!E146 -> -0.0060484055 | F7: ='In-Sample'!F146 -> -0.0014418129 | G7: ='In-Sample'!G146 -> 0.013894034 | H7: ='In-Sample'!H146 -> 0.0019267559 | I7: ='In-Sample'!I146 -> -0.0014436691 | J7: =AVERAGE(B19:SG19) -> 9.9498009 | K7: =J7*EXP(I7-1.96*H7) -> 9.8979972 | L7: =$J7*EXP(I7+1.96*H7) -> 9.9730386 | M7: =L7-K7 -> 0.075041448 | O7: =(B7-J7)/B7 -> -0.0060466036
A8: 10/19/2025 | B8: 9.9 | C8: 43.01 | D8: 0.001 | E8: ='In-Sample'!E147 -> 0.0010106115 | F8: ='In-Sample'!F147 -> -0.001204669 | G8: ='In-Sample'!G147 -> 0.013827188 | H8: ='In-Sample'!H147 -> 0.001917486 | I8: ='In-Sample'!I147 -> -0.0012065073 | J8: =AVERAGE(B20:SG20) -> 9.8896944 | K8: =J8*EXP(I8-1.96*H8) -> 9.8407159 | L8: =$J8*EXP(I8+1.96*H8) -> 9.9149628 | M8: =L8-K8 -> 0.074246875 | O8: =(B8-J8)/B8 -> 0.0010409676
A9: 10/26/2025 | B9: 9.87 | C9: 47.13 | D9: -0.003 | E9: ='In-Sample'!E148 -> -0.0030349037 | F9: ='In-Sample'!F148 -> -0.0010058837 | G9: ='In-Sample'!G148 -> 0.013722748 | H9: ='In-Sample'!H148 -> 0.0019030028 | I9: ='In-Sample'!I148 -> -0.0010076944 | J9: =AVERAGE(B21:SG21) -> 9.8999354 | K9: =J9*EXP(I9-1.96*H9) -> 9.8531446 | L9: =$J9*EXP(I9+1.96*H9) -> 9.9269216 | M9: =L9-K9 -> 0.07377704 | O9: =(B9-J9)/B9 -> -0.0030329666
A10: 45699 | B10: 9.91 | C10: 56.07 | D10: 0.0041 | E10: ='In-Sample'!E149 -> 0.0040444949 | F10: ='In-Sample'!F149 -> -0.0011121329 | G10: ='In-Sample'!G149 -> 0.01366051 | H10: ='In-Sample'!H149 -> 0.0018943719 | I10: ='In-Sample'!I149 -> -0.0011139272 | J10: =AVERAGE(B22:SG22) -> 9.8697342 | K10: =J10*EXP(I10-1.96*H10) -> 9.8222088 | L10: =$J10*EXP(I10+1.96*H10) -> 9.8954194 | M10: =L10-K10 -> 0.073210606 | O10: =(B10-J10)/B10 -> 0.0040631464
A11: 45911 | B11: 9.93 | C11: 47.19 | D11: 0.002 | E11: ='In-Sample'!E150 -> 0.0020161297 | F11: ='In-Sample'!F150 -> -0.00081522613 | G11: ='In-Sample'!G150 -> 0.013555066 | H11: ='In-Sample'!H150 -> 0.0018797495 | I11: ='In-Sample'!I150 -> -0.00081699286 | J11: =AVERAGE(B23:SG23) -> 9.9098474 | K11: =J11*EXP(I11-1.96*H11) -> 9.8653405 | L11: =$J11*EXP(I11+1.96*H11) -> 9.9383029 | M11: =L11-K11 -> 0.07296241 | O11: =(B11-J11)/B11 -> 0.0020294629
A13: Forecasted Price | B13: 1 | C13: 2 | D13: 3 | E13: 4 | F13: 5 | G13: 6 | H13: 7 | I13: 8 | J13: 9 | K13: 10 | L13: 11 | M13: 12 | N13: 13 | O13: 14 | P13: 15 | Q13: 16 | R13: 17 | S13: 18 | T13: 19 | U13: 20 | V13: 21 | W13: 22 | X13: 23 | Y13: 24 | Z13: 25 | AA13: 26 | AB13: 27 | AC13: 28 | AD13: 29 | AE13: 30 | AF13: 31 | AG13: 32 | AH13: 33 | AI13: 34 | AJ13: 35 | AK13: 36 | AL13: 37 | AM13: 38 | AN13: 39 | AO13: 40 | AP13: 41 | AQ13: 42 | AR13: 43 | AS13: 44 | AT13: 45 | AU13: 46 | AV13: 47 | AW13: 48 | AX13: 49 | AY13: 50 | AZ13: 51 | BA13: 52 | BB13: 53 | BC13: 54 | BD13: 55 | BE13: 56 | BF13: 57 | BG13: 58 | BH13: 59 | BI13: 60 | BJ13: 61 | BK13: 62 | BL13: 63 | BM13: 64 | BN13: 65 | BO13: 66 | BP13: 67 | BQ13: 68 | BR13: 69 | BS13: 70 | BT13: 71 | BU13: 72 | BV13: 73 | BW13: 74 | BX13: 75 | BY13: 76 | BZ13: 77 | CA13: 78 | CB13: 79 | CC13: 80 | CD13: 81 | CE13: 82 | CF13: 83 | CG13: 84 | CH13: 85 | CI13: 86 | CJ13: 87 | CK13: 88 | CL13: 89 | CM13: 90 | CN13: 91 | CO13: 92 | CP13: 93 | CQ13: 94 | CR13: 95 | CS13: 96 | CT13: 97 | CU13: 98 | CV13: 99 | CW13: 100 | CX13: 101 | CY13: 102 | CZ13: 103 | DA13: 104 | DB13: 105 | DC13: 106 | DD13: 107 | DE13: 108 | DF13: 109 | DG13: 110 | DH13: 111 | DI13: 112 | DJ13: 113 | DK13: 114 | DL13: 115 | DM13: 116 | DN13: 117 | DO13: 118 | DP13: 119 | DQ13: 120 | DR13: 121 | DS13: 122 | DT13: 123 | DU13: 124 | DV13: 125 | DW13: 126 | DX13: 127 | DY13: 128 | DZ13: 129 | EA13: 130 | EB13: 131 | EC13: 132 | ED13: 133 | EE13: 134 | EF13: 135 | EG13: 136 | EH13: 137 | EI13: 138 | EJ13: 139 | EK13: 140 | EL13: 141 | EM13: 142 | EN13: 143 | EO13: 144 | EP13: 145 | EQ13: 146 | ER13: 147 | ES13: 148 | ET13: 149 | EU13: 150 | EV13: 151 | EW13: 152 | EX13: 153 | EY13: 154 | EZ13: 155 | FA13: 156 | FB13: 157 | FC13: 158 | FD13: 159 | FE13: 160 | FF13: 161 | FG13: 162 | FH13: 163 | FI13: 164 | FJ13: 165 | FK13: 166 | FL13: 167 | FM13: 168 | FN13: 169 | FO13: 170 | FP13: 171 | FQ13: 172 | FR13: 173 | FS13: 174 | FT13: 175 | FU13: 176 | FV13: 177 | FW13: 178 | FX13: 179 | FY13: 180 | FZ13: 181 | GA13: 182 | GB13: 183 | GC13: 184 | GD13: 185 | GE13: 186 | GF13: 187 | GG13: 188 | GH13: 189 | GI13: 190 | GJ13: 191 | GK13: 192 | GL13: 193 | GM13: 194 | GN13: 195 | GO13: 196 | GP13: 197 | GQ13: 198 | GR13: 199 | GS13: 200 | GT13: 201 | GU13: 202 | GV13: 203 | GW13: 204 | GX13: 205 | GY13: 206 | GZ13: 207 | HA13: 208 | HB13: 209 | HC13: 210 | HD13: 211 | HE13: 212 | HF13: 213 | HG13: 214 | HH13: 215 | HI13: 216 | HJ13: 217 | HK13: 218 | HL13: 219 | HM13: 220 | HN13: 221 | HO13: 222 | HP13: 223 | HQ13: 224 | HR13: 225 | HS13: 226 | HT13: 227 | HU13: 228 | HV13: 229 | HW13: 230 | HX13: 231 | HY13: 232 | HZ13: 233 | IA13: 234 | IB13: 235 | IC13: 236 | ID13: 237 | IE13: 238 | IF13: 239 | IG13: 240 | IH13: 241 | II13: 242 | IJ13: 243 | IK13: 244 | IL13: 245 | IM13: 246 | IN13: 247 | IO13: 248 | IP13: 249 | IQ13: 250 | IR13: 251 | IS13: 252 | IT13: 253 | IU13: 254 | IV13: 255 | IW13: 256 | IX13: 257 | IY13: 258 | IZ13: 259 | JA13: 260 | JB13: 261 | JC13: 262 | JD13: 263 | JE13: 264 | JF13: 265 | JG13: 266 | JH13: 267 | JI13: 268 | JJ13: 269 | JK13: 270 | JL13: 271 | JM13: 272 | JN13: 273 | JO13: 274 | JP13: 275 | JQ13: 276 | JR13: 277 | JS13: 278 | JT13: 279 | JU13: 280 | JV13: 281 | JW13: 282 | JX13: 283 | JY13: 284 | JZ13: 285 | KA13: 286 | KB13: 287 | KC13: 288 | KD13: 289 | KE13: 290 | KF13: 291 | KG13: 292 | KH13: 293 | KI13: 294 | KJ13: 295 | KK13: 296 | KL13: 297 | KM13: 298 | KN13: 299 | KO13: 300 | KP13: 301 | KQ13: 302 | KR13: 303 | KS13: 304 | KT13: 305 | KU13: 306 | KV13: 307 | KW13: 308 | KX13: 309 | KY13: 310 | KZ13: 311 | LA13: 312 | LB13: 313 | LC13: 314 | LD13: 315 | LE13: 316 | LF13: 317 | LG13: 318 | LH13: 319 | LI13: 320 | LJ13: 321 | LK13: 322 | LL13: 323 | LM13: 324 | LN13: 325 | LO13: 326 | LP13: 327 | LQ13: 328 | LR13: 329 | LS13: 330 | LT13: 331 | LU13: 332 | LV13: 333 | LW13: 334 | LX13: 335 | LY13: 336 | LZ13: 337 | MA13: 338 | MB13: 339 | MC13: 340 | MD13: 341 | ME13: 342 | MF13: 343 | MG13: 344 | MH13: 345 | MI13: 346 | MJ13: 347 | MK13: 348 | ML13: 349 | MM13: 350 | MN13: 351 | MO13: 352 | MP13: 353 | MQ13: 354 | MR13: 355 | MS13: 356 | MT13: 357 | MU13: 358 | MV13: 359 | MW13: 360 | MX13: 361 | MY13: 362 | MZ13: 363 | NA13: 364 | NB13: 365 | NC13: 366 | ND13: 367 | NE13: 368 | NF13: 369 | NG13: 370 | NH13: 371 | NI13: 372 | NJ13: 373 | NK13: 374 | NL13: 375 | NM13: 376 | NN13: 377 | NO13: 378 | NP13: 379 | NQ13: 380 | NR13: 381 | NS13: 382 | NT13: 383 | NU13: 384 | NV13: 385 | NW13: 386 | NX13: 387 | NY13: 388 | NZ13: 389 | OA13: 390 | OB13: 391 | OC13: 392 | OD13: 393 | OE13: 394 | OF13: 395 | OG13: 396 | OH13: 397 | OI13: 398 | OJ13: 399 | OK13: 400 | OL13: 401 | OM13: 402 | ON13: 403 | OO13: 404 | OP13: 405 | OQ13: 406 | OR13: 407 | OS13: 408 | OT13: 409 | OU13: 410 | OV13: 411 | OW13: 412 | OX13: 413 | OY13: 414 | OZ13: 415 | PA13: 416 | PB13: 417 | PC13: 418 | PD13: 419 | PE13: 420 | PF13: 421 | PG13: 422 | PH13: 423 | PI13: 424 | PJ13: 425 | PK13: 426 | PL13: 427 | PM13: 428 | PN13: 429 | PO13: 430 | PP13: 431 | PQ13: 432 | PR13: 433 | PS13: 434 | PT13: 435 | PU13: 436 | PV13: 437 | PW13: 438 | PX13: 439 | PY13: 440 | PZ13: 441 | QA13: 442 | QB13: 443 | QC13: 444 | QD13: 445 | QE13: 446 | QF13: 447 | QG13: 448 | QH13: 449 | QI13: 450 | QJ13: 451 | QK13: 452 | QL13: 453 | QM13: 454 | QN13: 455 | QO13: 456 | QP13: 457 | QQ13: 458 | QR13: 459 | QS13: 460 | QT13: 461 | QU13: 462 | QV13: 463 | QW13: 464 | QX13: 465 | QY13: 466 | QZ13: 467 | RA13: 468 | RB13: 469 | RC13: 470 | RD13: 471 | RE13: 472 | RF13: 473 | RG13: 474 | RH13: 475 | RI13: 476 | RJ13: 477 | RK13: 478 | RL13: 479 | RM13: 480 | RN13: 481 | RO13: 482 | RP13: 483 | RQ13: 484 | RR13: 485 | RS13: 486 | RT13: 487 | RU13: 488 | RV13: 489 | RW13: 490 | RX13: 491 | RY13: 492 | RZ13: 493 | SA13: 494 | SB13: 495 | SC13: 496 | SD13: 497 | SE13: 498 | SF13: 499 | SG13: 500
A14: 45847
A15: 09/14/2025 | B15: =$B2*EXP(($I2-($H2^2)/2)*(1/52)+$H2*SQRT(1/52)*_xlfn.NORM.INV(RAND(),0,1)) -> 9.8731697 | C15: =$B2*EXP(($I2-($H2^2)/2)*(1/52)+$H2*SQRT(1/52)*_xlfn.NORM.INV(RAND(),0,1)) -> 9.8712233 | D15: =$B2*EXP(($I2-($H2^2)/2)*(1/52)+$H2*SQRT(1/52)*_xlfn.NORM.INV(RAND(),0,1)) -> 9.8711224 | E15: =$B2*EXP(($I2-($H2^2)/2)*(1/52)+$H2*SQRT(1/52)*_xlfn.NORM.INV(RAND(),0,1)) -> 9.8683708 | F15: =$B2*EXP(($I2-($H2^2)/2)*(1/52)+$H2*SQRT(1/52)*_xlfn.NORM.INV(RAND(),0,1)) -> 9.869294 | G15: =$B2*EXP(($I2-($H2^2)/2)*(1/52)+$H2*SQRT(1/52)*_xlfn.NORM.INV(RAND(),0,1)) -> 9.8728067 | H15: =$B2*EXP(($I2-($H2^2)/2)*(1/52)+$H2*SQRT(1/52)*_xlfn.NORM.INV(RAND(),0,1)) -> 9.8657939 | I15: =$B2*EXP(($I2-($H2^2)/2)*(1/52)+$H2*SQRT(1/52)*_xlfn.NORM.INV(RAND(),0,1)) -> 9.8691764 | ... SG15: =$B2*EXP(($I2-($H2^2)/2)*(1/52)+$H2*SQRT(1/52)*_xlfn.NORM.INV(RAND(),0,1)) -> 9.8683674
A16: 09/21/2025 | B16: =$B3*EXP(($I3-($H3^2)/2)*(1/52)+$H3*SQRT(1/52)*_xlfn.NORM.INV(RAND(),0,1)) -> 9.7996897 | C16: =$B3*EXP(($I3-($H3^2)/2)*(1/52)+$H3*SQRT(1/52)*_xlfn.NORM.INV(RAND(),0,1)) -> 9.8015359 | D16: =$B3*EXP(($I3-($H3^2)/2)*(1/52)+$H3*SQRT(1/52)*_xlfn.NORM.INV(RAND(),0,1)) -> 9.7978547 | E16: =$B3*EXP(($I3-($H3^2)/2)*(1/52)+$H3*SQRT(1/52)*_xlfn.NORM.INV(RAND(),0,1)) -> 9.7994682 | F16: =$B3*EXP(($I3-($H3^2)/2)*(1/52)+$H3*SQRT(1/52)*_xlfn.NORM.INV(RAND(),0,1)) -> 9.7990422 | G16: =$B3*EXP(($I3-($H3^2)/2)*(1/52)+$H3*SQRT(1/52)*_xlfn.NORM.INV(RAND(),0,1)) -> 9.803268 | H16: =$B3*EXP(($I3-($H3^2)/2)*(1/52)+$H3*SQRT(1/52)*_xlfn.NORM.INV(RAND(),0,1)) -> 9.8017614 | I16: =$B3*EXP(($I3-($H3^2)/2)*(1/52)+$H3*SQRT(1/52)*_xlfn.NORM.INV(RAND(),0,1)) -> 9.8006766 | ... SG16: =$B3*EXP(($I3-($H3^2)/2)*(1/52)+$H3*SQRT(1/52)*_xlfn.NORM.INV(RAND(),0,1)) -> 9.8007954
A17: 09/28/2025 | B17: =$B4*EXP(($I4-($H4^2)/2)*(1/52)+$H4*SQRT(1/52)*_xlfn.NORM.INV(RAND(),0,1)) -> 9.8865714 | C17: =$B4*EXP(($I4-($H4^2)/2)*(1/52)+$H4*SQRT(1/52)*_xlfn.NORM.INV(RAND(),0,1)) -> 9.8926306 | D17: =$B4*EXP(($I4-($H4^2)/2)*(1/52)+$H4*SQRT(1/52)*_xlfn.NORM.INV(RAND(),0,1)) -> 9.8951864 | E17: =$B4*EXP(($I4-($H4^2)/2)*(1/52)+$H4*SQRT(1/52)*_xlfn.NORM.INV(RAND(),0,1)) -> 9.8917228 | F17: =$B4*EXP(($I4-($H4^2)/2)*(1/52)+$H4*SQRT(1/52)*_xlfn.NORM.INV(RAND(),0,1)) -> 9.8891791 | G17: =$B4*EXP(($I4-($H4^2)/2)*(1/52)+$H4*SQRT(1/52)*_xlfn.NORM.INV(RAND(),0,1)) -> 9.8903902 | H17: =$B4*EXP(($I4-($H4^2)/2)*(1/52)+$H4*SQRT(1/52)*_xlfn.NORM.INV(RAND(),0,1)) -> 9.8923312 | I17: =$B4*EXP(($I4-($H4^2)/2)*(1/52)+$H4*SQRT(1/52)*_xlfn.NORM.INV(RAND(),0,1)) -> 9.8890909 | ... SG17: =$B4*EXP(($I4-($H4^2)/2)*(1/52)+$H4*SQRT(1/52)*_xlfn.NORM.INV(RAND(),0,1)) -> 9.8932173
A18: 45787 | B18: =$B5*EXP(($I5-($H5^2)/2)*(1/52)+$H5*SQRT(1/52)*_xlfn.NORM.INV(RAND(),0,1)) -> 9.9949036 | C18: =$B5*EXP(($I5-($H5^2)/2)*(1/52)+$H5*SQRT(1/52)*_xlfn.NORM.INV(RAND(),0,1)) -> 10.002176 | D18: =$B5*EXP(($I5-($H5^2)/2)*(1/52)+$H5*SQRT(1/52)*_xlfn.NORM.INV(RAND(),0,1)) -> 10.003365 | E18: =$B5*EXP(($I5-($H5^2)/2)*(1/52)+$H5*SQRT(1/52)*_xlfn.NORM.INV(RAND(),0,1)) -> 10.004799 | F18: =$B5*EXP(($I5-($H5^2)/2)*(1/52)+$H5*SQRT(1/52)*_xlfn.NORM.INV(RAND(),0,1)) -> 10.002347 | G18: =$B5*EXP(($I5-($H5^2)/2)*(1/52)+$H5*SQRT(1/52)*_xlfn.NORM.INV(RAND(),0,1)) -> 10.000921 | H18: =$B5*EXP(($I5-($H5^2)/2)*(1/52)+$H5*SQRT(1/52)*_xlfn.NORM.INV(RAND(),0,1)) -> 9.9968964 | I18: =$B5*EXP(($I5-($H5^2)/2)*(1/52)+$H5*SQRT(1/52)*_xlfn.NORM.INV(RAND(),0,1)) -> 10.005922 | ... SG18: =$B5*EXP(($I5-($H5^2)/2)*(1/52)+$H5*SQRT(1/52)*_xlfn.NORM.INV(RAND(),0,1)) -> 9.9989832
A19: 46001 | B19: =$B6*EXP(($I6-($H6^2)/2)*(1/52)+$H6*SQRT(1/52)*_xlfn.NORM.INV(RAND(),0,1)) -> 9.9524515 | C19: =$B6*EXP(($I6-($H6^2)/2)*(1/52)+$H6*SQRT(1/52)*_xlfn.NORM.INV(RAND(),0,1)) -> 9.9495997 | D19: =$B6*EXP(($I6-($H6^2)/2)*(1/52)+$H6*SQRT(1/52)*_xlfn.NORM.INV(RAND(),0,1)) -> 9.9488322 | E19: =$B6*EXP(($I6-($H6^2)/2)*(1/52)+$H6*SQRT(1/52)*_xlfn.NORM.INV(RAND(),0,1)) -> 9.9518878 | F19: =$B6*EXP(($I6-($H6^2)/2)*(1/52)+$H6*SQRT(1/52)*_xlfn.NORM.INV(RAND(),0,1)) -> 9.9474748 | G19: =$B6*EXP(($I6-($H6^2)/2)*(1/52)+$H6*SQRT(1/52)*_xlfn.NORM.INV(RAND(),0,1)) -> 9.9520307 | H19: =$B6*EXP(($I6-($H6^2)/2)*(1/52)+$H6*SQRT(1/52)*_xlfn.NORM.INV(RAND(),0,1)) -> 9.9497022 | I19: =$B6*EXP(($I6-($H6^2)/2)*(1/52)+$H6*SQRT(1/52)*_xlfn.NORM.INV(RAND(),0,1)) -> 9.9480211 | ... SG19: =$B6*EXP(($I6-($H6^2)/2)*(1/52)+$H6*SQRT(1/52)*_xlfn.NORM.INV(RAND(),0,1)) -> 9.9549216
A20: 10/19/2025 | B20: =$B7*EXP(($I7-($H7^2)/2)*(1/52)+$H7*SQRT(1/52)*_xlfn.NORM.INV(RAND(),0,1)) -> 9.8895022 | C20: =$B7*EXP(($I7-($H7^2)/2)*(1/52)+$H7*SQRT(1/52)*_xlfn.NORM.INV(RAND(),0,1)) -> 9.8905877 | D20: =$B7*EXP(($I7-($H7^2)/2)*(1/52)+$H7*SQRT(1/52)*_xlfn.NORM.INV(RAND(),0,1)) -> 9.8867303 | E20: =$B7*EXP(($I7-($H7^2)/2)*(1/52)+$H7*SQRT(1/52)*_xlfn.NORM.INV(RAND(),0,1)) -> 9.8916581 | F20: =$B7*EXP(($I7-($H7^2)/2)*(1/52)+$H7*SQRT(1/52)*_xlfn.NORM.INV(RAND(),0,1)) -> 9.8882103 | G20: =$B7*EXP(($I7-($H7^2)/2)*(1/52)+$H7*SQRT(1/52)*_xlfn.NORM.INV(RAND(),0,1)) -> 9.887474 | H20: =$B7*EXP(($I7-($H7^2)/2)*(1/52)+$H7*SQRT(1/52)*_xlfn.NORM.INV(RAND(),0,1)) -> 9.8936305 | I20: =$B7*EXP(($I7-($H7^2)/2)*(1/52)+$H7*SQRT(1/52)*_xlfn.NORM.INV(RAND(),0,1)) -> 9.8903494 | ... SG20: =$B7*EXP(($I7-($H7^2)/2)*(1/52)+$H7*SQRT(1/52)*_xlfn.NORM.INV(RAND(),0,1)) -> 9.892335
A21: 10/26/2025 | B21: =$B8*EXP(($I8-($H8^2)/2)*(1/52)+$H8*SQRT(1/52)*_xlfn.NORM.INV(RAND(),0,1)) -> 9.9013261 | C21: =$B8*EXP(($I8-($H8^2)/2)*(1/52)+$H8*SQRT(1/52)*_xlfn.NORM.INV(RAND(),0,1)) -> 9.9054243 | D21: =$B8*EXP(($I8-($H8^2)/2)*(1/52)+$H8*SQRT(1/52)*_xlfn.NORM.INV(RAND(),0,1)) -> 9.9000678 | E21: =$B8*EXP(($I8-($H8^2)/2)*(1/52)+$H8*SQRT(1/52)*_xlfn.NORM.INV(RAND(),0,1)) -> 9.8992733 | F21: =$B8*EXP(($I8-($H8^2)/2)*(1/52)+$H8*SQRT(1/52)*_xlfn.NORM.INV(RAND(),0,1)) -> 9.9001571 | G21: =$B8*EXP(($I8-($H8^2)/2)*(1/52)+$H8*SQRT(1/52)*_xlfn.NORM.INV(RAND(),0,1)) -> 9.9004691 | H21: =$B8*EXP(($I8-($H8^2)/2)*(1/52)+$H8*SQRT(1/52)*_xlfn.NORM.INV(RAND(),0,1)) -> 9.899149 | I21: =$B8*EXP(($I8-($H8^2)/2)*(1/52)+$H8*SQRT(1/52)*_xlfn.NORM.INV(RAND(),0,1)) -> 9.9018429 | ... SG21: =$B8*EXP(($I8-($H8^2)/2)*(1/52)+$H8*SQRT(1/52)*_xlfn.NORM.INV(RAND(),0,1)) -> 9.9001564
A22: 45699 | B22: =$B9*EXP(($I9-($H9^2)/2)*(1/52)+$H9*SQRT(1/52)*_xlfn.NORM.INV(RAND(),0,1)) -> 9.869944 | C22: =$B9*EXP(($I9-($H9^2)/2)*(1/52)+$H9*SQRT(1/52)*_xlfn.NORM.INV(RAND(),0,1)) -> 9.8752929 | D22: =$B9*EXP(($I9-($H9^2)/2)*(1/52)+$H9*SQRT(1/52)*_xlfn.NORM.INV(RAND(),0,1)) -> 9.8723209 | E22: =$B9*EXP(($I9-($H9^2)/2)*(1/52)+$H9*SQRT(1/52)*_xlfn.NORM.INV(RAND(),0,1)) -> 9.8683706 | F22: =$B9*EXP(($I9-($H9^2)/2)*(1/52)+$H9*SQRT(1/52)*_xlfn.NORM.INV(RAND(),0,1)) -> 9.8649847 | G22: =$B9*EXP(($I9-($H9^2)/2)*(1/52)+$H9*SQRT(1/52)*_xlfn.NORM.INV(RAND(),0,1)) -> 9.8651024 | H22: =$B9*EXP(($I9-($H9^2)/2)*(1/52)+$H9*SQRT(1/52)*_xlfn.NORM.INV(RAND(),0,1)) -> 9.8686116 | I22: =$B9*EXP(($I9-($H9^2)/2)*(1/52)+$H9*SQRT(1/52)*_xlfn.NORM.INV(RAND(),0,1)) -> 9.8694102 | ... SG22: =$B9*EXP(($I9-($H9^2)/2)*(1/52)+$H9*SQRT(1/52)*_xlfn.NORM.INV(RAND(),0,1)) -> 9.8766137
A23: 45911 | B23: =$B10*EXP(($I10-($H10^2)/2)*(1/52)+$H10*SQRT(1/52)*_xlfn.NORM.INV(RAND(),0,1)) -> 9.9089151 | C23: =$B10*EXP(($I10-($H10^2)/2)*(1/52)+$H10*SQRT(1/52)*_xlfn.NORM.INV(RAND(),0,1)) -> 9.915513 | D23: =$B10*EXP(($I10-($H10^2)/2)*(1/52)+$H10*SQRT(1/52)*_xlfn.NORM.INV(RAND(),0,1)) -> 9.9095162 | E23: =$B10*EXP(($I10-($H10^2)/2)*(1/52)+$H10*SQRT(1/52)*_xlfn.NORM.INV(RAND(),0,1)) -> 9.911629 | F23: =$B10*EXP(($I10-($H10^2)/2)*(1/52)+$H10*SQRT(1/52)*_xlfn.NORM.INV(RAND(),0,1)) -> 9.9090973 | G23: =$B10*EXP(($I10-($H10^2)/2)*(1/52)+$H10*SQRT(1/52)*_xlfn.NORM.INV(RAND(),0,1)) -> 9.9083446 | H23: =$B10*EXP(($I10-($H10^2)/2)*(1/52)+$H10*SQRT(1/52)*_xlfn.NORM.INV(RAND(),0,1)) -> 9.9117775 | I23: =$B10*EXP(($I10-($H10^2)/2)*(1/52)+$H10*SQRT(1/52)*_xlfn.NORM.INV(RAND(),0,1)) -> 9.9116448 | ... SG23: =$B10*EXP(($I10-($H10^2)/2)*(1/52)+$H10*SQRT(1/52)*_xlfn.NORM.INV(RAND(),0,1)) -> 9.910001

Sheet Out Sample Forecast (Dividend)
A1: Date | B1: Price | C1: Vol. (M) | D1: Change % | E1: Weekly Log Return | F1: Raw Drift | G1: Volatility | H1: Annualised Volatility | I1: Market Drift | J1: Dividend Yield, q | K1: Forecasted Price (Mean) | L1: Percentage Error | M1: MPE | O1: Dividend
A2: 45847 | B2: 9.87 | C2: 56.57 | D2: -0.012 | E2: ='In-Sample'!E141 -> -0.012084739 | F2: ='In-Sample'!F141 -> -0.0014446275 | G2: ='In-Sample'!G141 -> 0.013827992 | H2: ='In-Sample'!H141 -> 0.0019175974 | I2: ='In-Sample'!I141 -> -0.0014464661 | M2: =AVERAGE(L3:L11) -> 0.001848666 | O2: 0.6
A3: 09/14/2025 | B3: 9.8 | C3: 33.54 | D3: -0.0071 | E3: ='In-Sample'!E142 -> -0.0071174678 | F3: ='In-Sample'!F142 -> -0.0015090695 | G3: ='In-Sample'!G142 -> 0.01384682 | H3: ='In-Sample'!H142 -> 0.0019202084 | I3: ='In-Sample'!I142 -> -0.0015109131 | J3: =$O$2/B2 -> 0.060790274 | K3: =AVERAGE(B15:SG15) -> 9.8581625 | L3: =(B3-K3)/B3 -> -0.0059349458
A4: 09/21/2025 | B4: 9.89 | C4: 50.26 | D4: 0.0092 | E4: ='In-Sample'!E143 -> 0.00914176 | F4: ='In-Sample'!F143 -> -0.0011509829 | G4: ='In-Sample'!G143 -> 0.013877413 | H4: ='In-Sample'!H143 -> 0.0019244509 | I4: ='In-Sample'!I143 -> -0.0011528347 | J4: =$O$2/B3 -> 0.06122449 | K4: =AVERAGE(B16:SG16) -> 9.788254 | L4: =(B4-K4)/B4 -> 0.01028777
A5: 09/28/2025 | B5: 10 | C5: 54.95 | D5: 0.0111 | E5: ='In-Sample'!E144 -> 0.011060947 | F5: ='In-Sample'!F144 -> -0.00093827239 | G5: ='In-Sample'!G144 -> 0.013979793 | H5: ='In-Sample'!H144 -> 0.0019386485 | I5: ='In-Sample'!I144 -> -0.00094015157 | J5: =$O$2/B4 -> 0.060667341 | K5: =AVERAGE(B17:SG17) -> 9.8781999 | L5: =(B5-K5)/B5 -> 0.012180015
A6: 45787 | B6: 9.95 | C6: 37.35 | D6: -0.005 | E6: ='In-Sample'!E145 -> -0.0050125418 | F6: ='In-Sample'!F145 -> -0.0011442448 | G6: ='In-Sample'!G145 -> 0.013958987 | H6: ='In-Sample'!H145 -> 0.0019357632 | I6: ='In-Sample'!I145 -> -0.0011461183 | J6: =$O$2/B5 -> 0.06 | K6: =AVERAGE(B18:SG18) -> 9.9880983 | L6: =(B6-K6)/B6 -> -0.0038289781
A7: 46001 | B7: 9.89 | C7: 53.41 | D7: -0.006 | E7: ='In-Sample'!E146 -> -0.0060484055 | F7: ='In-Sample'!F146 -> -0.0014418129 | G7: ='In-Sample'!G146 -> 0.013894034 | H7: ='In-Sample'!H146 -> 0.0019267559 | I7: ='In-Sample'!I146 -> -0.0014436691 | J7: =$O$2/B6 -> 0.060301508 | K7: =AVERAGE(B19:SG19) -> 9.9381108 | L7: =(B7-K7)/B7 -> -0.0048645918
A8: 10/19/2025 | B8: 9.9 | C8: 43.01 | D8: 0.001 | E8: ='In-Sample'!E147 -> 0.0010106115 | F8: ='In-Sample'!F147 -> -0.001204669 | G8: ='In-Sample'!G147 -> 0.013827188 | H8: ='In-Sample'!H147 -> 0.001917486 | I8: ='In-Sample'!I147 -> -0.0012065073 | J8: =$O$2/B7 -> 0.060667341 | K8: =AVERAGE(B20:SG20) -> 9.8781083 | L8: =(B8-K8)/B8 -> 0.0022112835
A9: 10/26/2025 | B9: 9.87 | C9: 47.13 | D9: -0.003 | E9: ='In-Sample'!E148 -> -0.0030349037 | F9: ='In-Sample'!F148 -> -0.0010058837 | G9: ='In-Sample'!G148 -> 0.013722748 | H9: ='In-Sample'!H148 -> 0.0019030028 | I9: ='In-Sample'!I148 -> -0.0010076944 | J9: =$O$2/B8 -> 0.060606061 | K9: =AVERAGE(B21:SG21) -> 9.8882031 | L9: =(B9-K9)/B9 -> -0.0018442841
A10: 45699 | B10: 9.91 | C10: 56.07 | D10: 0.0041 | E10: ='In-Sample'!E149 -> 0.0040444949 | F10: ='In-Sample'!F149 -> -0.0011121329 | G10: ='In-Sample'!G149 -> 0.01366051 | H10: ='In-Sample'!H149 -> 0.0018943719 | I10: ='In-Sample'!I149 -> -0.0011139272 | J10: =$O$2/B9 -> 0.060790274 | K10: =AVERAGE(B22:SG22) -> 9.858239 | L10: =(B10-K10)/B10 -> 0.0052231045
A11: 45911 | B11: 9.93 | C11: 47.19 | D11: 0.002 | E11: ='In-Sample'!E150 -> 0.0020161297 | F11: ='In-Sample'!F150 -> -0.00081522613 | G11: ='In-Sample'!G150 -> 0.013555066 | H11: ='In-Sample'!H150 -> 0.0018797495 | I11: ='In-Sample'!I150 -> -0.00081699286 | J11: =$O$2/B10 -> 0.060544904 | K11: =AVERAGE(B23:SG23) -> 9.8981384 | L11: =(B11-K11)/B11 -> 0.003208621
A13: Forecasted Price | B13: 1 | C13: 2 | D13: 3 | E13: 4 | F13: 5 | G13: 6 | H13: 7 | I13: 8 | J13: 9 | K13: 10 | L13: 11 | M13: 12 | N13: 13 | O13: 14 | P13: 15 | Q13: 16 | R13: 17 | S13: 18 | T13: 19 | U13: 20 | V13: 21 | W13: 22 | X13: 23 | Y13: 24 | Z13: 25 | AA13: 26 | AB13: 27 | AC13: 28 | AD13: 29 | AE13: 30 | AF13: 31 | AG13: 32 | AH13: 33 | AI13: 34 | AJ13: 35 | AK13: 36 | AL13: 37 | AM13: 38 | AN13: 39 | AO13: 40 | AP13: 41 | AQ13: 42 | AR13: 43 | AS13: 44 | AT13: 45 | AU13: 46 | AV13: 47 | AW13: 48 | AX13: 49 | AY13: 50 | AZ13: 51 | BA13: 52 | BB13: 53 | BC13: 54 | BD13: 55 | BE13: 56 | BF13: 57 | BG13: 58 | BH13: 59 | BI13: 60 | BJ13: 61 | BK13: 62 | BL13: 63 | BM13: 64 | BN13: 65 | BO13: 66 | BP13: 67 | BQ13: 68 | BR13: 69 | BS13: 70 | BT13: 71 | BU13: 72 | BV13: 73 | BW13: 74 | BX13: 75 | BY13: 76 | BZ13: 77 | CA13: 78 | CB13: 79 | CC13: 80 | CD13: 81 | CE13: 82 | CF13: 83 | CG13: 84 | CH13: 85 | CI13: 86 | CJ13: 87 | CK13: 88 | CL13: 89 | CM13: 90 | CN13: 91 | CO13: 92 | CP13: 93 | CQ13: 94 | CR13: 95 | CS13: 96 | CT13: 97 | CU13: 98 | CV13: 99 | CW13: 100 | CX13: 101 | CY13: 102 | CZ13: 103 | DA13: 104 | DB13: 105 | DC13: 106 | DD13: 107 | DE13: 108 | DF13: 109 | DG13: 110 | DH13: 111 | DI13: 112 | DJ13: 113 | DK13: 114 | DL13: 115 | DM13: 116 | DN13: 117 | DO13: 118 | DP13: 119 | DQ13: 120 | DR13: 121 | DS13: 122 | DT13: 123 | DU13: 124 | DV13: 125 | DW13: 126 | DX13: 127 | DY13: 128 | DZ13: 129 | EA13: 130 | EB13: 131 | EC13: 132 | ED13: 133 | EE13: 134 | EF13: 135 | EG13: 136 | EH13: 137 | EI13: 138 | EJ13: 139 | EK13: 140 | EL13: 141 | EM13: 142 | EN13: 143 | EO13: 144 | EP13: 145 | EQ13: 146 | ER13: 147 | ES13: 148 | ET13: 149 | EU13: 150 | EV13: 151 | EW13: 152 | EX13: 153 | EY13: 154 | EZ13: 155 | FA13: 156 | FB13: 157 | FC13: 158 | FD13: 159 | FE13: 160 | FF13: 161 | FG13: 162 | FH13: 163 | FI13: 164 | FJ13: 165 | FK13: 166 | FL13: 167 | FM13: 168 | FN13: 169 | FO13: 170 | FP13: 171 | FQ13: 172 | FR13: 173 | FS13: 174 | FT13: 175 | FU13: 176 | FV13: 177 | FW13: 178 | FX13: 179 | FY13: 180 | FZ13: 181 | GA13: 182 | GB13: 183 | GC13: 184 | GD13: 185 | GE13: 186 | GF13: 187 | GG13: 188 | GH13: 189 | GI13: 190 | GJ13: 191 | GK13: 192 | GL13: 193 | GM13: 194 | GN13: 195 | GO13: 196 | GP13: 197 | GQ13: 198 | GR13: 199 | GS13: 200 | GT13: 201 | GU13: 202 | GV13: 203 | GW13: 204 | GX13: 205 | GY13: 206 | GZ13: 207 | HA13: 208 | HB13: 209 | HC13: 210 | HD13: 211 | HE13: 212 | HF13: 213 | HG13: 214 | HH13: 215 | HI13: 216 | HJ13: 217 | HK13: 218 | HL13: 219 | HM13: 220 | HN13: 221 | HO13: 222 | HP13: 223 | HQ13: 224 | HR13: 225 | HS13: 226 | HT13: 227 | HU13: 228 | HV13: 229 | HW13: 230 | HX13: 231 | HY13: 232 | HZ13: 233 | IA13: 234 | IB13: 235 | IC13: 236 | ID13: 237 | IE13: 238 | IF13: 239 | IG13: 240 | IH13: 241 | II13: 242 | IJ13: 243 | IK13: 244 | IL13: 245 | IM13: 246 | IN13: 247 | IO13: 248 | IP13: 249 | IQ13: 250 | IR13: 251 | IS13: 252 | IT13: 253 | IU13: 254 | IV13: 255 | IW13: 256 | IX13: 257 | IY13: 258 | IZ13: 259 | JA13: 260 | JB13: 261 | JC13: 262 | JD13: 263 | JE13: 264 | JF13: 265 | JG13: 266 | JH13: 267 | JI13: 268 | JJ13: 269 | JK13: 270 | JL13: 271 | JM13: 272 | JN13: 273 | JO13: 274 | JP13: 275 | JQ13: 276 | JR13: 277 | JS13: 278 | JT13: 279 | JU13: 280 | JV13: 281 | JW13: 282 | JX13: 283 | JY13: 284 | JZ13: 285 | KA13: 286 | KB13: 287 | KC13: 288 | KD13: 289 | KE13: 290 | KF13: 291 | KG13: 292 | KH13: 293 | KI13: 294 | KJ13: 295 | KK13: 296 | KL13: 297 | KM13: 298 | KN13: 299 | KO13: 300 | KP13: 301 | KQ13: 302 | KR13: 303 | KS13: 304 | KT13: 305 | KU13: 306 | KV13: 307 | KW13: 308 | KX13: 309 | KY13: 310 | KZ13: 311 | LA13: 312 | LB13: 313 | LC13: 314 | LD13: 315 | LE13: 316 | LF13: 317 | LG13: 318 | LH13: 319 | LI13: 320 | LJ13: 321 | LK13: 322 | LL13: 323 | LM13: 324 | LN13: 325 | LO13: 326 | LP13: 327 | LQ13: 328 | LR13: 329 | LS13: 330 | LT13: 331 | LU13: 332 | LV13: 333 | LW13: 334 | LX13: 335 | LY13: 336 | LZ13: 337 | MA13: 338 | MB13: 339 | MC13: 340 | MD13: 341 | ME13: 342 | MF13: 343 | MG13: 344 | MH13: 345 | MI13: 346 | MJ13: 347 | MK13: 348 | ML13: 349 | MM13: 350 | MN13: 351 | MO13: 352 | MP13: 353 | MQ13: 354 | MR13: 355 | MS13: 356 | MT13: 357 | MU13: 358 | MV13: 359 | MW13: 360 | MX13: 361 | MY13: 362 | MZ13: 363 | NA13: 364 | NB13: 365 | NC13: 366 | ND13: 367 | NE13: 368 | NF13: 369 | NG13: 370 | NH13: 371 | NI13: 372 | NJ13: 373 | NK13: 374 | NL13: 375 | NM13: 376 | NN13: 377 | NO13: 378 | NP13: 379 | NQ13: 380 | NR13: 381 | NS13: 382 | NT13: 383 | NU13: 384 | NV13: 385 | NW13: 386 | NX13: 387 | NY13: 388 | NZ13: 389 | OA13: 390 | OB13: 391 | OC13: 392 | OD13: 393 | OE13: 394 | OF13: 395 | OG13: 396 | OH13: 397 | OI13: 398 | OJ13: 399 | OK13: 400 | OL13: 401 | OM13: 402 | ON13: 403 | OO13: 404 | OP13: 405 | OQ13: 406 | OR13: 407 | OS13: 408 | OT13: 409 | OU13: 410 | OV13: 411 | OW13: 412 | OX13: 413 | OY13: 414 | OZ13: 415 | PA13: 416 | PB13: 417 | PC13: 418 | PD13: 419 | PE13: 420 | PF13: 421 | PG13: 422 | PH13: 423 | PI13: 424 | PJ13: 425 | PK13: 426 | PL13: 427 | PM13: 428 | PN13: 429 | PO13: 430 | PP13: 431 | PQ13: 432 | PR13: 433 | PS13: 434 | PT13: 435 | PU13: 436 | PV13: 437 | PW13: 438 | PX13: 439 | PY13: 440 | PZ13: 441 | QA13: 442 | QB13: 443 | QC13: 444 | QD13: 445 | QE13: 446 | QF13: 447 | QG13: 448 | QH13: 449 | QI13: 450 | QJ13: 451 | QK13: 452 | QL13: 453 | QM13: 454 | QN13: 455 | QO13: 456 | QP13: 457 | QQ13: 458 | QR13: 459 | QS13: 460 | QT13: 461 | QU13: 462 | QV13: 463 | QW13: 464 | QX13: 465 | QY13: 466 | QZ13: 467 | RA13: 468 | RB13: 469 | RC13: 470 | RD13: 471 | RE13: 472 | RF13: 473 | RG13: 474 | RH13: 475 | RI13: 476 | RJ13: 477 | RK13: 478 | RL13: 479 | RM13: 480 | RN13: 481 | RO13: 482 | RP13: 483 | RQ13: 484 | RR13: 485 | RS13: 486 | RT13: 487 | RU13: 488 | RV13: 489 | RW13: 490 | RX13: 491 | RY13: 492 | RZ13: 493 | SA13: 494 | SB13: 495 | SC13: 496 | SD13: 497 | SE13: 498 | SF13: 499 | SG13: 500
A14: 45847
A15: 09/14/2025 | B15: =$B2*EXP(($I2-$J3-($H2^2)/2)*(1/52)+$H2*SQRT(1/52)*_xlfn.NORM.INV(RAND(),0,1)) -> 9.8596191 | C15: =$B2*EXP(($I2-$J3-($H2^2)/2)*(1/52)+$H2*SQRT(1/52)*_xlfn.NORM.INV(RAND(),0,1)) -> 9.8546181 | D15: =$B2*EXP(($I2-$J3-($H2^2)/2)*(1/52)+$H2*SQRT(1/52)*_xlfn.NORM.INV(RAND(),0,1)) -> 9.8574836 | E15: =$B2*EXP(($I2-$J3-($H2^2)/2)*(1/52)+$H2*SQRT(1/52)*_xlfn.NORM.INV(RAND(),0,1)) -> 9.859491 | F15: =$B2*EXP(($I2-$J3-($H2^2)/2)*(1/52)+$H2*SQRT(1/52)*_xlfn.NORM.INV(RAND(),0,1)) -> 9.8600643 | G15: =$B2*EXP(($I2-$J3-($H2^2)/2)*(1/52)+$H2*SQRT(1/52)*_xlfn.NORM.INV(RAND(),0,1)) -> 9.8571709 | H15: =$B2*EXP(($I2-$J3-($H2^2)/2)*(1/52)+$H2*SQRT(1/52)*_xlfn.NORM.INV(RAND(),0,1)) -> 9.8593969 | I15: =$B2*EXP(($I2-$J3-($H2^2)/2)*(1/52)+$H2*SQRT(1/52)*_xlfn.NORM.INV(RAND(),0,1)) -> 9.8614111 | ... SG15: =$B2*EXP(($I2-$J3-($H2^2)/2)*(1/52)+$H2*SQRT(1/52)*_xlfn.NORM.INV(RAND(),0,1)) -> 9.8582988
A16: 09/21/2025 | B16: =$B3*EXP(($I3-$J4-($H3^2)/2)*(1/52)+$H3*SQRT(1/52)*_xlfn.NORM.INV(RAND(),0,1)) -> 9.7930786 | C16: =$B3*EXP(($I3-$J4-($H3^2)/2)*(1/52)+$H3*SQRT(1/52)*_xlfn.NORM.INV(RAND(),0,1)) -> 9.7889464 | D16: =$B3*EXP(($I3-$J4-($H3^2)/2)*(1/52)+$H3*SQRT(1/52)*_xlfn.NORM.INV(RAND(),0,1)) -> 9.7878586 | E16: =$B3*EXP(($I3-$J4-($H3^2)/2)*(1/52)+$H3*SQRT(1/52)*_xlfn.NORM.INV(RAND(),0,1)) -> 9.7887107 | F16: =$B3*EXP(($I3-$J4-($H3^2)/2)*(1/52)+$H3*SQRT(1/52)*_xlfn.NORM.INV(RAND(),0,1)) -> 9.7906991 | G16: =$B3*EXP(($I3-$J4-($H3^2)/2)*(1/52)+$H3*SQRT(1/52)*_xlfn.NORM.INV(RAND(),0,1)) -> 9.7888667 | H16: =$B3*EXP(($I3-$J4-($H3^2)/2)*(1/52)+$H3*SQRT(1/52)*_xlfn.NORM.INV(RAND(),0,1)) -> 9.7889501 | I16: =$B3*EXP(($I3-$J4-($H3^2)/2)*(1/52)+$H3*SQRT(1/52)*_xlfn.NORM.INV(RAND(),0,1)) -> 9.786651 | ... SG16: =$B3*EXP(($I3-$J4-($H3^2)/2)*(1/52)+$H3*SQRT(1/52)*_xlfn.NORM.INV(RAND(),0,1)) -> 9.7894149
A17: 09/28/2025 | B17: =$B4*EXP(($I4-$J5-($H4^2)/2)*(1/52)+$H4*SQRT(1/52)*_xlfn.NORM.INV(RAND(),0,1)) -> 9.8807622 | C17: =$B4*EXP(($I4-$J5-($H4^2)/2)*(1/52)+$H4*SQRT(1/52)*_xlfn.NORM.INV(RAND(),0,1)) -> 9.8798171 | D17: =$B4*EXP(($I4-$J5-($H4^2)/2)*(1/52)+$H4*SQRT(1/52)*_xlfn.NORM.INV(RAND(),0,1)) -> 9.8810465 | E17: =$B4*EXP(($I4-$J5-($H4^2)/2)*(1/52)+$H4*SQRT(1/52)*_xlfn.NORM.INV(RAND(),0,1)) -> 9.876715 | F17: =$B4*EXP(($I4-$J5-($H4^2)/2)*(1/52)+$H4*SQRT(1/52)*_xlfn.NORM.INV(RAND(),0,1)) -> 9.8729802 | G17: =$B4*EXP(($I4-$J5-($H4^2)/2)*(1/52)+$H4*SQRT(1/52)*_xlfn.NORM.INV(RAND(),0,1)) -> 9.8746041 | H17: =$B4*EXP(($I4-$J5-($H4^2)/2)*(1/52)+$H4*SQRT(1/52)*_xlfn.NORM.INV(RAND(),0,1)) -> 9.8745495 | I17: =$B4*EXP(($I4-$J5-($H4^2)/2)*(1/52)+$H4*SQRT(1/52)*_xlfn.NORM.INV(RAND(),0,1)) -> 9.871645 | ... SG17: =$B4*EXP(($I4-$J5-($H4^2)/2)*(1/52)+$H4*SQRT(1/52)*_xlfn.NORM.INV(RAND(),0,1)) -> 9.8784696
A18: 45787 | B18: =$B5*EXP(($I5-$J6-($H5^2)/2)*(1/52)+$H5*SQRT(1/52)*_xlfn.NORM.INV(RAND(),0,1)) -> 9.9829868 | C18: =$B5*EXP(($I5-$J6-($H5^2)/2)*(1/52)+$H5*SQRT(1/52)*_xlfn.NORM.INV(RAND(),0,1)) -> 9.9869467 | D18: =$B5*EXP(($I5-$J6-($H5^2)/2)*(1/52)+$H5*SQRT(1/52)*_xlfn.NORM.INV(RAND(),0,1)) -> 9.9903013 | E18: =$B5*EXP(($I5-$J6-($H5^2)/2)*(1/52)+$H5*SQRT(1/52)*_xlfn.NORM.INV(RAND(),0,1)) -> 9.9886972 | F18: =$B5*EXP(($I5-$J6-($H5^2)/2)*(1/52)+$H5*SQRT(1/52)*_xlfn.NORM.INV(RAND(),0,1)) -> 9.9878764 | G18: =$B5*EXP(($I5-$J6-($H5^2)/2)*(1/52)+$H5*SQRT(1/52)*_xlfn.NORM.INV(RAND(),0,1)) -> 9.9859113 | H18: =$B5*EXP(($I5-$J6-($H5^2)/2)*(1/52)+$H5*SQRT(1/52)*_xlfn.NORM.INV(RAND(),0,1)) -> 9.9918032 | I18: =$B5*EXP(($I5-$J6-($H5^2)/2)*(1/52)+$H5*SQRT(1/52)*_xlfn.NORM.INV(RAND(),0,1)) -> 9.9875844 | ... SG18: =$B5*EXP(($I5-$J6-($H5^2)/2)*(1/52)+$H5*SQRT(1/52)*_xlfn.NORM.INV(RAND(),0,1)) -> 9.9868679
A19: 46001 | B19: =$B6*EXP(($I6-$J7-($H6^2)/2)*(1/52)+$H6*SQRT(1/52)*_xlfn.NORM.INV(RAND(),0,1)) -> 9.9363301 | C19: =$B6*EXP(($I6-$J7-($H6^2)/2)*(1/52)+$H6*SQRT(1/52)*_xlfn.NORM.INV(RAND(),0,1)) -> 9.9409645 | D19: =$B6*EXP(($I6-$J7-($H6^2)/2)*(1/52)+$H6*SQRT(1/52)*_xlfn.NORM.INV(RAND(),0,1)) -> 9.9392526 | E19: =$B6*EXP(($I6-$J7-($H6^2)/2)*(1/52)+$H6*SQRT(1/52)*_xlfn.NORM.INV(RAND(),0,1)) -> 9.9393572 | F19: =$B6*EXP(($I6-$J7-($H6^2)/2)*(1/52)+$H6*SQRT(1/52)*_xlfn.NORM.INV(RAND(),0,1)) -> 9.9348277 | G19: =$B6*EXP(($I6-$J7-($H6^2)/2)*(1/52)+$H6*SQRT(1/52)*_xlfn.NORM.INV(RAND(),0,1)) -> 9.9326899 | H19: =$B6*EXP(($I6-$J7-($H6^2)/2)*(1/52)+$H6*SQRT(1/52)*_xlfn.NORM.INV(RAND(),0,1)) -> 9.9413564 | I19: =$B6*EXP(($I6-$J7-($H6^2)/2)*(1/52)+$H6*SQRT(1/52)*_xlfn.NORM.INV(RAND(),0,1)) -> 9.9365979 | ... SG19: =$B6*EXP(($I6-$J7-($H6^2)/2)*(1/52)+$H6*SQRT(1/52)*_xlfn.NORM.INV(RAND(),0,1)) -> 9.9398397
A20: 10/19/2025 | B20: =$B7*EXP(($I7-$J8-($H7^2)/2)*(1/52)+$H7*SQRT(1/52)*_xlfn.NORM.INV(RAND(),0,1)) -> 9.8730704 | C20: =$B7*EXP(($I7-$J8-($H7^2)/2)*(1/52)+$H7*SQRT(1/52)*_xlfn.NORM.INV(RAND(),0,1)) -> 9.879225 | D20: =$B7*EXP(($I7-$J8-($H7^2)/2)*(1/52)+$H7*SQRT(1/52)*_xlfn.NORM.INV(RAND(),0,1)) -> 9.8713202 | E20: =$B7*EXP(($I7-$J8-($H7^2)/2)*(1/52)+$H7*SQRT(1/52)*_xlfn.NORM.INV(RAND(),0,1)) -> 9.8813129 | F20: =$B7*EXP(($I7-$J8-($H7^2)/2)*(1/52)+$H7*SQRT(1/52)*_xlfn.NORM.INV(RAND(),0,1)) -> 9.8832768 | G20: =$B7*EXP(($I7-$J8-($H7^2)/2)*(1/52)+$H7*SQRT(1/52)*_xlfn.NORM.INV(RAND(),0,1)) -> 9.8803874 | H20: =$B7*EXP(($I7-$J8-($H7^2)/2)*(1/52)+$H7*SQRT(1/52)*_xlfn.NORM.INV(RAND(),0,1)) -> 9.8802738 | I20: =$B7*EXP(($I7-$J8-($H7^2)/2)*(1/52)+$H7*SQRT(1/52)*_xlfn.NORM.INV(RAND(),0,1)) -> 9.8802846 | ... SG20: =$B7*EXP(($I7-$J8-($H7^2)/2)*(1/52)+$H7*SQRT(1/52)*_xlfn.NORM.INV(RAND(),0,1)) -> 9.8783502
A21: 10/26/2025 | B21: =$B8*EXP(($I8-$J9-($H8^2)/2)*(1/52)+$H8*SQRT(1/52)*_xlfn.NORM.INV(RAND(),0,1)) -> 9.8870326 | C21: =$B8*EXP(($I8-$J9-($H8^2)/2)*(1/52)+$H8*SQRT(1/52)*_xlfn.NORM.INV(RAND(),0,1)) -> 9.8901212 | D21: =$B8*EXP(($I8-$J9-($H8^2)/2)*(1/52)+$H8*SQRT(1/52)*_xlfn.NORM.INV(RAND(),0,1)) -> 9.8895564 | E21: =$B8*EXP(($I8-$J9-($H8^2)/2)*(1/52)+$H8*SQRT(1/52)*_xlfn.NORM.INV(RAND(),0,1)) -> 9.8860806 | F21: =$B8*EXP(($I8-$J9-($H8^2)/2)*(1/52)+$H8*SQRT(1/52)*_xlfn.NORM.INV(RAND(),0,1)) -> 9.8889252 | G21: =$B8*EXP(($I8-$J9-($H8^2)/2)*(1/52)+$H8*SQRT(1/52)*_xlfn.NORM.INV(RAND(),0,1)) -> 9.8907496 | H21: =$B8*EXP(($I8-$J9-($H8^2)/2)*(1/52)+$H8*SQRT(1/52)*_xlfn.NORM.INV(RAND(),0,1)) -> 9.8871449 | I21: =$B8*EXP(($I8-$J9-($H8^2)/2)*(1/52)+$H8*SQRT(1/52)*_xlfn.NORM.INV(RAND(),0,1)) -> 9.890097 | ... SG21: =$B8*EXP(($I8-$J9-($H8^2)/2)*(1/52)+$H8*SQRT(1/52)*_xlfn.NORM.INV(RAND(),0,1)) -> 9.8836333
A22: 45699 | B22: =$B9*EXP(($I9-$J10-($H9^2)/2)*(1/52)+$H9*SQRT(1/52)*_xlfn.NORM.INV(RAND(),0,1)) -> 9.8567735 | C22: =$B9*EXP(($I9-$J10-($H9^2)/2)*(1/52)+$H9*SQRT(1/52)*_xlfn.NORM.INV(RAND(),0,1)) -> 9.856065 | D22: =$B9*EXP(($I9-$J10-($H9^2)/2)*(1/52)+$H9*SQRT(1/52)*_xlfn.NORM.INV(RAND(),0,1)) -> 9.8603163 | E22: =$B9*EXP(($I9-$J10-($H9^2)/2)*(1/52)+$H9*SQRT(1/52)*_xlfn.NORM.INV(RAND(),0,1)) -> 9.851159 | F22: =$B9*EXP(($I9-$J10-($H9^2)/2)*(1/52)+$H9*SQRT(1/52)*_xlfn.NORM.INV(RAND(),0,1)) -> 9.8585213 | G22: =$B9*EXP(($I9-$J10-($H9^2)/2)*(1/52)+$H9*SQRT(1/52)*_xlfn.NORM.INV(RAND(),0,1)) -> 9.8545421 | H22: =$B9*EXP(($I9-$J10-($H9^2)/2)*(1/52)+$H9*SQRT(1/52)*_xlfn.NORM.INV(RAND(),0,1)) -> 9.8581803 | I22: =$B9*EXP(($I9-$J10-($H9^2)/2)*(1/52)+$H9*SQRT(1/52)*_xlfn.NORM.INV(RAND(),0,1)) -> 9.8559976 | ... SG22: =$B9*EXP(($I9-$J10-($H9^2)/2)*(1/52)+$H9*SQRT(1/52)*_xlfn.NORM.INV(RAND(),0,1)) -> 9.8566741
A23: 45911 | B23: =$B10*EXP(($I10-$J11-($H10^2)/2)*(1/52)+$H10*SQRT(1/52)*_xlfn.NORM.INV(RAND(),0,1)) -> 9.8949242 | C23: =$B10*EXP(($I10-$J11-($H10^2)/2)*(1/52)+$H10*SQRT(1/52)*_xlfn.NORM.INV(RAND(),0,1)) -> 9.8989199 | D23: =$B10*EXP(($I10-$J11-($H10^2)/2)*(1/52)+$H10*SQRT(1/52)*_xlfn.NORM.INV(RAND(),0,1)) -> 9.8961172 | E23: =$B10*EXP(($I10-$J11-($H10^2)/2)*(1/52)+$H10*SQRT(1/52)*_xlfn.NORM.INV(RAND(),0,1)) -> 9.898174 | F23: =$B10*EXP(($I10-$J11-($H10^2)/2)*(1/52)+$H10*SQRT(1/52)*_xlfn.NORM.INV(RAND(),0,1)) -> 9.8977354 | G23: =$B10*EXP(($I10-$J11-($H10^2)/2)*(1/52)+$H10*SQRT(1/52)*_xlfn.NORM.INV(RAND(),0,1)) -> 9.89682 | H23: =$B10*EXP(($I10-$J11-($H10^2)/2)*(1/52)+$H10*SQRT(1/52)*_xlfn.NORM.INV(RAND(),0,1)) -> 9.8958044 | I23: =$B10*EXP(($I10-$J11-($H10^2)/2)*(1/52)+$H10*SQRT(1/52)*_xlfn.NORM.INV(RAND(),0,1)) -> 9.9012185 | ... SG23: =$B10*EXP(($I10-$J11-($H10^2)/2)*(1/52)+$H10*SQRT(1/52)*_xlfn.NORM.INV(RAND(),0,1)) -> 9.8993928
